Settlement_Day,Week_Day,Year,Month,Trade_Volume,Actual_Demand,Imbalance,Mape
Sat 01/01/22,Sat,2022,Jan,1416.42,1175.091,241.329,21.90%
Sun 02/01/22,Sun,2022,Jan,1518.12,1379.84,138.28,9.81%
Mon 03/01/22,Mon,2022,Jan,1517.26,1449.638,67.622,5.24%
Tue 04/01/22,Tue,2022,Jan,2071.36,2090.39,-19.03,3.24%
Wed 05/01/22,Wed,2022,Jan,2235.86,2239.206,-3.346,3.16%
Thu 06/01/22,Thu,2022,Jan,2145.31,2371.898,-226.588,9.13%
Fri 07/01/22,Fri,2022,Jan,2182.26,2252.75,-70.49,3.26%
Sat 08/01/22,Sat,2022,Jan,1743.12,1811.254,-68.134,3.91%
Sun 09/01/22,Sun,2022,Jan,1539.72,1592.083,-52.363,3.53%
Mon 10/01/22,Mon,2022,Jan,2139.61,2265.256,-125.646,5.72%
Tue 11/01/22,Tue,2022,Jan,2256.46,2225.094,31.366,3.03%
Wed 12/01/22,Wed,2022,Jan,2245.11,2232.549,12.561,3.03%
Thu 13/01/22,Thu,2022,Jan,2301.96,2248.571,53.389,3.60%
Fri 14/01/22,Fri,2022,Jan,2244.66,2196.532,48.128,3.35%
Sat 15/01/22,Sat,2022,Jan,1815.62,1819.232,-3.612,2.36%
Sun 16/01/22,Sun,2022,Jan,1586.72,1554.956,31.764,2.76%
Mon 17/01/22,Mon,2022,Jan,2282.21,2235.09,47.12,3.63%
Tue 18/01/22,Tue,2022,Jan,2327.61,2339.038,-11.428,2.83%
Wed 19/01/22,Wed,2022,Jan,2312.11,2270.55,41.56,3.70%
Thu 20/01/22,Thu,2022,Jan,2442.31,2291.795,150.515,5.84%
Fri 21/01/22,Fri,2022,Jan,2307.36,2282.925,24.435,2.22%
Sat 22/01/22,Sat,2022,Jan,1846.52,1787.221,59.299,3.49%
Sun 23/01/22,Sun,2022,Jan,1630.92,1602.636,28.284,2.43%
Tue 01/02/22,Tue,2022,Feb,2299.712,2191.342,108.37,5.54%
Wed 02/02/22,Wed,2022,Feb,2236.49,2155.014,81.476,3.84%
Thu 03/02/22,Thu,2022,Feb,2215.89,2157.454,58.436,2.89%
Fri 04/02/22,Fri,2022,Feb,2165.69,2146.332,19.358,2.37%
Sat 05/02/22,Sat,2022,Feb,1770.882,1761.665,9.217,2.60%
Sun 06/02/22,Sun,2022,Feb,1576.732,1569.186,7.546,1.66%
Mon 07/02/22,Mon,2022,Feb,2265.84,2247.219,18.621,2.91%
Tue 08/02/22,Tue,2022,Feb,2302.59,2213.48,89.11,3.84%
Wed 09/02/22,Wed,2022,Feb,2306.99,2180.733,126.257,5.06%
Thu 10/02/22,Thu,2022,Feb,2342.29,2230.769,111.521,4.27%
Fri 11/02/22,Fri,2022,Feb,2263.94,2194.765,69.175,3.73%
Sat 12/02/22,Sat,2022,Feb,1802.082,1777.12,24.962,2.89%
Sun 13/02/22,Sun,2022,Feb,1596.432,1596.586,-0.154,2.61%
Mon 14/02/22,Mon,2022,Feb,2317.94,2182.534,135.406,5.61%
Tue 15/02/22,Tue,2022,Feb,2356.99,2262.794,94.196,4.21%
Wed 16/02/22,Wed,2022,Feb,2353.19,2161.367,191.823,7.89%
Thu 17/02/22,Thu,2022,Feb,2313.54,2143.945,169.595,6.81%
Fri 18/02/22,Fri,2022,Feb,2211.74,2088.965,122.775,5.41%
Sat 19/02/22,Sat,2022,Feb,1764.582,1778.751,-14.169,1.74%
Sun 20/02/22,Sun,2022,Feb,1551.132,1588.923,-37.791,2.68%
Thu 24/02/22,Thu,2022,Feb,2214.99,2195.907,19.083,3.41%
Fri 25/02/22,Fri,2022,Feb,2123.84,2096.513,27.327,6.32%
Sat 26/02/22,Sat,2022,Feb,1746.732,1700.638,46.094,5.54%
Sun 27/02/22,Sun,2022,Feb,1535.832,1514.105,21.727,5.02%
Mon 28/02/22,Mon,2022,Feb,2251.488,2167.64,83.848,4.26%
Tue 01/03/22,Tue,2022,Mar,2314.94,2209.169,105.771,4.35%
Wed 02/03/22,Wed,2022,Mar,2279.69,2285.245,-5.555,1.38%
Thu 03/03/22,Thu,2022,Mar,2282.74,2208.53,74.21,3.79%
Fri 04/03/22,Fri,2022,Mar,2193.39,2118.234,75.156,3.42%
Sat 05/03/22,Sat,2022,Mar,1750.834,1749.922,0.912,1.43%
Sun 06/03/22,Sun,2022,Mar,1545.584,1568.28,-22.696,3.51%
Mon 07/03/22,Mon,2022,Mar,2243.64,2210.834,32.806,3.68%
Tue 08/03/22,Tue,2022,Mar,2280.39,2213.753,66.637,5.41%
Wed 09/03/22,Wed,2022,Mar,2260.84,2135.624,125.216,5.56%
Thu 10/03/22,Thu,2022,Mar,2262.74,2072.439,190.301,8.03%
Fri 11/03/22,Fri,2022,Mar,2143.99,2035.841,108.149,4.72%
Sat 12/03/22,Sat,2022,Mar,1728.484,1603.729,124.755,7.32%
Sun 13/03/22,Sun,2022,Mar,1522.284,1465.986,56.298,4.02%
Mon 14/03/22,Mon,2022,Mar,2208.54,2011.267,197.273,8.83%
Tue 15/03/22,Tue,2022,Mar,2241.24,2070.186,171.054,7.28%
Wed 16/03/22,Wed,2022,Mar,2122.04,2160.537,-38.497,2.05%
Thu 17/03/22,Thu,2022,Mar,2139.84,2083.805,56.035,5.01%
Fri 18/03/22,Fri,2022,Mar,2034.89,1914.987,119.903,7.07%
Sat 19/03/22,Sat,2022,Mar,1639.934,1556.664,83.27,7.15%
Sun 20/03/22,Sun,2022,Mar,1460.884,1428.025,32.859,5.49%
Mon 21/03/22,Mon,2022,Mar,2061.74,2025.438,36.302,4.33%
Tue 22/03/22,Tue,2022,Mar,2109.34,1946.492,162.848,7.85%
Wed 23/03/22,Wed,2022,Mar,2100.39,1900.878,199.512,8.84%
Thu 24/03/22,Thu,2022,Mar,2083.49,1894.638,188.852,8.84%
Fri 25/03/22,Fri,2022,Mar,1873.44,1796.681,76.759,6.69%
Sat 26/03/22,Sat,2022,Mar,1542.084,1444.634,97.45,8.18%
Sun 27/03/22,Sun,2022,Mar,1541.818,1286.221,255.597,19.55%
Mon 28/03/22,Mon,2022,Mar,1777.04,1843.303,-66.263,4.52%
Tue 29/03/22,Tue,2022,Mar,1856.14,1953.368,-97.228,4.84%
Wed 30/03/22,Wed,2022,Mar,1907.19,2030.253,-123.063,5.93%
Thu 31/03/22,Thu,2022,Mar,1865.712,2101.421,-235.709,11.74%
Fri 01/04/22,Fri,2022,Apr,1833.682,2269.439,-435.757,20.01%
Sat 02/04/22,Sat,2022,Apr,1525.762,1762.449,-236.687,13.84%
Sun 03/04/22,Sun,2022,Apr,1373.412,1635.316,-261.904,16.22%
Mon 04/04/22,Mon,2022,Apr,1796.232,2248.887,-452.655,20.80%
Tue 05/04/22,Tue,2022,Apr,1898.622,2186.01,-287.388,14.39%
Wed 06/04/22,Wed,2022,Apr,1936.392,2205.321,-268.929,13.64%
Thu 07/04/22,Thu,2022,Apr,1911.592,2315.857,-404.265,18.86%
Fri 08/04/22,Fri,2022,Apr,1812.792,2246.892,-434.1,20.54%
Sat 09/04/22,Sat,2022,Apr,1522.022,1703.334,-181.312,11.16%
Sun 10/04/22,Sun,2022,Apr,1367.872,1650.786,-282.914,17.30%
Mon 11/04/22,Mon,2022,Apr,1829.642,2147.994,-318.352,16.16%
Tue 12/04/22,Tue,2022,Apr,2081.442,2204.071,-122.629,7.91%
Wed 13/04/22,Wed,2022,Apr,2063.342,2132.141,-68.799,8.54%
Thu 14/04/22,Thu,2022,Apr,2062.742,2087.696,-24.954,9.89%
Fri 15/04/22,Fri,2022,Apr,1611.392,1767.708,-156.316,10.00%
Sat 16/04/22,Sat,2022,Apr,1645.272,1619.834,25.438,10.42%
Sun 17/04/22,Sun,2022,Apr,1500.372,1481.382,18.99,7.87%
Mon 18/04/22,Mon,2022,Apr,1574.392,1618.44,-44.048,10.56%
Tue 19/04/22,Tue,2022,Apr,2038.942,2087.705,-48.763,7.61%
Wed 20/04/22,Wed,2022,Apr,2026.542,2093.593,-67.051,10.45%
Thu 21/04/22,Thu,2022,Apr,1994.792,2087.382,-92.59,9.83%
Fri 22/04/22,Fri,2022,Apr,1994.842,2022.291,-27.449,8.67%
Sat 23/04/22,Sat,2022,Apr,1606.072,1663.158,-57.086,7.18%
Sun 24/04/22,Sun,2022,Apr,1440.772,1487.794,-47.022,6.89%
Mon 25/04/22,Mon,2022,Apr,2051.142,2226.514,-175.372,10.85%
Tue 26/04/22,Tue,2022,Apr,2081.792,2170.241,-88.449,8.46%
Wed 27/04/22,Wed,2022,Apr,2092.092,2265.402,-173.31,8.89%
Thu 28/04/22,Thu,2022,Apr,2074.092,2297.409,-223.317,10.95%
Fri 29/04/22,Fri,2022,Apr,1991.792,2153.25,-161.458,9.39%
Sat 30/04/22,Sat,2022,Apr,1645.468,1715.985,-70.517,7.59%
Sun 01/05/22,Sun,2022,May,1619.776,1583.959,35.817,3.11%
Mon 02/05/22,Mon,2022,May,1554.616,1698.128,-143.512,12.05%
Tue 03/05/22,Tue,2022,May,2208.066,2159.884,48.182,3.77%
Wed 04/05/22,Wed,2022,May,2209.416,2229.801,-20.385,8.41%
Thu 05/05/22,Thu,2022,May,2199.316,2188.929,10.387,7.90%
Fri 06/05/22,Fri,2022,May,2121.716,2061.535,60.181,6.10%
Sat 07/05/22,Sat,2022,May,1789.776,1614.093,175.683,10.45%
Sun 08/05/22,Sun,2022,May,1628.276,1445.857,182.419,12.25%
Mon 09/05/22,Mon,2022,May,2165.266,2065.473,99.793,6.31%
Tue 10/05/22,Tue,2022,May,2184.716,2062.555,122.161,6.16%
Wed 11/05/22,Wed,2022,May,2186.466,2138.726,47.74,4.97%
Thu 12/05/22,Thu,2022,May,2188.666,2116.202,72.464,6.62%
Fri 13/05/22,Fri,2022,May,2118.416,2025.533,92.883,6.40%
Sat 14/05/22,Sat,2022,May,1758.876,1553.211,205.665,12.56%
Sun 15/05/22,Sun,2022,May,1539.176,1476.82,62.356,4.71%
Mon 16/05/22,Mon,2022,May,2070.366,2093.379,-23.013,3.80%
Tue 17/05/22,Tue,2022,May,2106.816,2114.154,-7.338,7.95%
Wed 18/05/22,Wed,2022,May,2112.666,2096.244,16.422,7.76%
Thu 19/05/22,Thu,2022,May,2108.116,2097.819,10.297,7.73%
Fri 20/05/22,Fri,2022,May,2045.816,2043.904,1.912,4.41%
Sat 21/05/22,Sat,2022,May,1593.376,1620.336,-26.96,4.84%
Sun 22/05/22,Sun,2022,May,1411.576,1488.233,-76.657,5.55%
Mon 23/05/22,Mon,2022,May,2047.766,2050.6,-2.834,4.31%
Tue 24/05/22,Tue,2022,May,2088.616,2118.684,-30.068,6.90%
Wed 25/05/22,Wed,2022,May,2091.216,2200.804,-109.588,6.57%
Thu 26/05/22,Thu,2022,May,2108.916,2173.247,-64.331,5.71%
Fri 27/05/22,Fri,2022,May,2025.316,2015.635,9.681,7.33%
Sat 28/05/22,Sat,2022,May,1575.126,1599.603,-24.477,4.77%
Sun 29/05/22,Sun,2022,May,1400.176,1469.386,-69.21,5.36%
Mon 30/05/22,Mon,2022,May,1782.966,2022.927,-239.961,12.43%
Tue 31/05/22,Tue,2022,May,2028.04,2084.552,-56.512,6.94%
Wed 01/06/22,Wed,2022,Jun,2100.87,1937.947,162.923,8.78%
Thu 02/06/22,Thu,2022,Jun,1737.92,1593.407,144.513,15.25%
Fri 03/06/22,Fri,2022,Jun,1706.02,1579.986,126.034,13.21%
Sat 04/06/22,Sat,2022,Jun,1622.102,1512.303,109.799,7.14%
Sun 05/06/22,Sun,2022,Jun,1453.152,1442.61,10.542,2.11%
Mon 06/06/22,Mon,2022,Jun,2032.92,2037.856,-4.936,3.82%
Tue 07/06/22,Tue,2022,Jun,2096.02,2059.634,36.386,4.14%
Wed 08/06/22,Wed,2022,Jun,2087.62,2068.453,19.167,5.68%
Thu 09/06/22,Thu,2022,Jun,2102.82,2100.448,2.372,5.07%
Fri 10/06/22,Fri,2022,Jun,2033.57,1994.989,38.581,4.89%
Sat 11/06/22,Sat,2022,Jun,1656.102,1583.016,73.086,4.74%
Sun 12/06/22,Sun,2022,Jun,1467.052,1430.214,36.838,4.74%
Mon 13/06/22,Mon,2022,Jun,2079.57,1992.784,86.786,6.65%
Tue 14/06/22,Tue,2022,Jun,2138.72,2018.686,120.034,8.47%
Wed 15/06/22,Wed,2022,Jun,2134.42,2033.462,100.958,7.40%
Thu 16/06/22,Thu,2022,Jun,2135.72,2085.454,50.266,7.36%
Fri 17/06/22,Fri,2022,Jun,2048.12,2025.982,22.138,4.58%
Sat 18/06/22,Sat,2022,Jun,1655.402,1607.793,47.609,3.75%
Sun 19/06/22,Sun,2022,Jun,1592.452,1381.027,211.425,20.48%
Mon 20/06/22,Mon,2022,Jun,1984.12,1834.578,149.542,12.07%
Tue 21/06/22,Tue,2022,Jun,2126.37,1926.268,200.102,9.11%
Wed 22/06/22,Wed,2022,Jun,2125.92,1959.711,166.209,7.55%
Thu 23/06/22,Thu,2022,Jun,2128.72,1998.824,129.896,5.88%
Fri 24/06/22,Fri,2022,Jun,2043.02,1950.221,92.799,4.70%
Sat 25/06/22,Sat,2022,Jun,1648.952,1557.161,91.791,5.72%
Sun 26/06/22,Sun,2022,Jun,1470.352,1402.245,68.107,5.01%
Mon 27/06/22,Mon,2022,Jun,2059.87,1897.181,162.689,8.03%
Tue 28/06/22,Tue,2022,Jun,2122.57,1976.842,145.728,6.51%
Wed 29/06/22,Wed,2022,Jun,2110.47,1966.564,143.906,6.64%
Thu 30/06/22,Thu,2022,Jun,2118.22,1975.321,142.899,6.66%
Fri 01/07/22,Fri,2022,Jul,2159.304,1917.933,241.371,11.57%
Sat 02/07/22,Sat,2022,Jul,1729.552,1571.095,158.457,9.42%
Sun 03/07/22,Sun,2022,Jul,1537.052,1397.471,139.581,9.68%
Mon 04/07/22,Mon,2022,Jul,2177.854,1915.766,262.088,12.65%
Tue 05/07/22,Tue,2022,Jul,2236.704,1960.467,276.237,13.30%
Wed 06/07/22,Wed,2022,Jul,2221.754,1996.877,224.877,10.44%
Thu 07/07/22,Thu,2022,Jul,2264.854,1992.712,272.142,13.11%
Fri 08/07/22,Fri,2022,Jul,2150.154,1931.345,218.809,10.82%
Sat 09/07/22,Sat,2022,Jul,1704.052,1585.605,118.447,7.22%
Sun 10/07/22,Sun,2022,Jul,1515.152,1444.106,71.046,5.21%
Mon 11/07/22,Mon,2022,Jul,2141.204,1952.31,188.894,8.93%
Tue 12/07/22,Tue,2022,Jul,2202.704,2075.761,126.943,6.74%
Wed 13/07/22,Wed,2022,Jul,2211.504,2011.984,199.52,9.73%
Thu 14/07/22,Thu,2022,Jul,2233.454,1985.477,247.977,11.76%
Fri 15/07/22,Fri,2022,Jul,1988.054,1929.367,58.687,5.90%
Sat 16/07/22,Sat,2022,Jul,1600.102,1571.364,28.738,6.23%
Sun 17/07/22,Sun,2022,Jul,1433.252,1486.578,-53.326,4.82%
Mon 18/07/22,Mon,2022,Jul,1992.104,2011.387,-19.283,7.13%
Tue 19/07/22,Tue,2022,Jul,2056.904,2125.486,-68.582,7.09%
Wed 20/07/22,Wed,2022,Jul,2061.054,2074.76,-13.706,7.16%
Thu 21/07/22,Thu,2022,Jul,2049.204,2011.781,37.423,6.31%
Fri 22/07/22,Fri,2022,Jul,1963.404,1896.655,66.749,5.69%
Sat 23/07/22,Sat,2022,Jul,1572.602,1582.178,-9.576,3.86%
Sun 24/07/22,Sun,2022,Jul,1391.652,1480.09,-88.438,6.23%
Mon 25/07/22,Mon,2022,Jul,1955.054,1941.45,13.604,6.67%
Tue 26/07/22,Tue,2022,Jul,2028.204,1938.726,89.478,6.97%
Wed 27/07/22,Wed,2022,Jul,2024.704,1933.734,90.97,6.48%
Thu 28/07/22,Thu,2022,Jul,2025.654,1941.371,84.283,7.25%
Fri 29/07/22,Fri,2022,Jul,1951.304,1886.915,64.389,6.55%
Sat 30/07/22,Sat,2022,Jul,1595.052,1640.363,-45.311,4.84%
Sun 31/07/22,Sun,2022,Jul,1411.642,1460.155,-48.513,4.32%
Mon 01/08/22,Mon,2022,Aug,2063.766,1899.897,163.869,8.15%
Tue 02/08/22,Tue,2022,Aug,2107.866,2062.937,44.929,5.03%
Wed 03/08/22,Wed,2022,Aug,2124.466,2022.224,102.242,6.40%
Thu 04/08/22,Thu,2022,Aug,2132.566,1941.422,191.144,9.59%
Fri 05/08/22,Fri,2022,Aug,2088.816,1854.678,234.138,11.66%
Sat 06/08/22,Sat,2022,Aug,1736.062,1562.649,173.413,10.32%
Sun 07/08/22,Sun,2022,Aug,1551.312,1406.526,144.786,9.95%
Mon 08/08/22,Mon,2022,Aug,2068.266,1951.21,117.056,6.34%
Tue 09/08/22,Tue,2022,Aug,2115.266,1996.962,118.304,7.34%
Wed 10/08/22,Wed,2022,Aug,2105.266,2011.504,93.762,6.03%
Thu 11/08/22,Thu,2022,Aug,2120.566,2072.5,48.066,4.99%
Fri 12/08/22,Fri,2022,Aug,2066.716,2033.663,33.053,4.70%
Sat 13/08/22,Sat,2022,Aug,1739.512,1722.972,16.54,5.75%
Sun 14/08/22,Sun,2022,Aug,1575.112,1503.855,71.257,4.91%
Mon 15/08/22,Mon,2022,Aug,2064.416,2081.669,-17.253,4.43%
Tue 16/08/22,Tue,2022,Aug,2129.066,2052.232,76.834,5.29%
Wed 17/08/22,Wed,2022,Aug,2136.516,2038.114,98.402,6.23%
Thu 18/08/22,Thu,2022,Aug,2130.816,2012.207,118.609,6.35%
Fri 19/08/22,Fri,2022,Aug,2066.116,1917.343,148.773,7.80%
Sat 20/08/22,Sat,2022,Aug,1729.062,1609.212,119.85,7.11%
Sun 21/08/22,Sun,2022,Aug,1542.212,1469.447,72.765,4.82%
Mon 22/08/22,Mon,2022,Aug,2076.766,1978.687,98.079,5.56%
Tue 23/08/22,Tue,2022,Aug,2119.816,2023.181,96.635,5.99%
Wed 24/08/22,Wed,2022,Aug,2138.516,2060.395,78.121,5.47%
Thu 25/08/22,Thu,2022,Aug,2146.416,2005.315,141.101,7.45%
Fri 26/08/22,Fri,2022,Aug,2160.966,1865.593,295.373,14.47%
Sat 27/08/22,Sat,2022,Aug,2087.762,1559.025,528.737,31.26%
Sun 28/08/22,Sun,2022,Aug,1742.312,1404.789,337.523,23.07%
Mon 29/08/22,Mon,2022,Aug,1583.916,1589.404,-5.488,4.75%
Tue 30/08/22,Tue,2022,Aug,1677.266,1904.431,-227.165,12.57%
Wed 31/08/22,Wed,2022,Aug,2163.302,1932.763,230.539,10.94%
Thu 01/09/22,Thu,2022,Sep,2105.124,2024.968,80.156,4.98%
Fri 02/09/22,Fri,2022,Sep,2064.224,1976.628,87.596,5.81%
Sat 03/09/22,Sat,2022,Sep,1675.976,1673.277,2.699,2.83%
Sun 04/09/22,Sun,2022,Sep,1507.476,1497.138,10.338,5.10%
Mon 05/09/22,Mon,2022,Sep,2121.374,1979.157,142.217,7.72%
Tue 06/09/22,Tue,2022,Sep,2193.724,2120.109,73.615,3.76%
Wed 07/09/22,Wed,2022,Sep,2206.974,2048.452,158.522,8.20%
Thu 08/09/22,Thu,2022,Sep,2217.974,2084.478,133.496,7.34%
Fri 09/09/22,Fri,2022,Sep,2176.374,2009.661,166.713,8.95%
Sat 10/09/22,Sat,2022,Sep,1735.676,1657.512,78.164,5.18%
Sun 11/09/22,Sun,2022,Sep,1579.076,1503.934,75.142,5.41%
Mon 12/09/22,Mon,2022,Sep,2225.574,2048.106,177.468,9.30%
Tue 13/09/22,Tue,2022,Sep,2289.874,2083.91,205.964,10.36%
Wed 14/09/22,Wed,2022,Sep,2104.274,1936.655,167.619,10.35%
Thu 15/09/22,Thu,2022,Sep,2071.474,2096.893,-25.419,4.70%
Fri 16/09/22,Fri,2022,Sep,2204.374,2017.134,187.24,9.14%
Sat 17/09/22,Sat,2022,Sep,1753.526,1640.587,112.939,6.66%
Sun 18/09/22,Sun,2022,Sep,1590.976,1490.957,100.019,7.00%
Tue 20/09/22,Tue,2022,Sep,2218.124,2108.339,109.785,5.67%
Wed 21/09/22,Wed,2022,Sep,2236.474,2143.912,92.562,4.27%
Thu 22/09/22,Thu,2022,Sep,2250.974,2158.509,92.465,4.23%
Fri 23/09/22,Fri,2022,Sep,2159.974,2063.621,96.353,4.52%
Sat 24/09/22,Sat,2022,Sep,1804.626,1688.737,115.889,6.83%
Sun 25/09/22,Sun,2022,Sep,1629.776,1539.387,90.389,6.08%
Mon 26/09/22,Mon,2022,Sep,2206.974,2150.348,56.626,2.93%
Tue 27/09/22,Tue,2022,Sep,2287.874,2257.373,30.501,1.97%
Wed 28/09/22,Wed,2022,Sep,2284.374,2264.693,19.681,2.46%
Thu 29/09/22,Thu,2022,Sep,2291.274,2257.458,33.816,2.25%
Fri 30/09/22,Fri,2022,Sep,2219.046,2281.659,-62.613,3.54%
Sat 01/10/22,Sat,2022,Oct,1728.804,1838.902,-110.098,6.68%
Sun 02/10/22,Sun,2022,Oct,1540.604,1652.956,-112.352,6.95%
Mon 03/10/22,Mon,2022,Oct,2164.094,2302.209,-138.115,6.85%
Tue 04/10/22,Tue,2022,Oct,2240.044,2412.228,-172.184,7.53%
Wed 05/10/22,Wed,2022,Oct,2303.294,2402.642,-99.348,4.34%
Thu 06/10/22,Thu,2022,Oct,2311.744,2394.796,-83.052,5.53%
Fri 07/10/22,Fri,2022,Oct,2223.094,2311.895,-88.801,5.60%
Sat 08/10/22,Sat,2022,Oct,1843.904,1867.798,-23.894,5.27%
Sun 09/10/22,Sun,2022,Oct,1634.704,1724.621,-89.917,5.51%
Mon 10/10/22,Mon,2022,Oct,2316.444,2349.685,-33.241,7.69%
Tue 11/10/22,Tue,2022,Oct,2386.694,2472.45,-85.756,6.56%
Wed 12/10/22,Wed,2022,Oct,2385.794,2559.458,-173.664,7.52%
Thu 13/10/22,Thu,2022,Oct,2567.444,2481.834,85.61,3.47%
Fri 14/10/22,Fri,2022,Oct,2483.394,2442.297,41.097,2.50%
Sat 15/10/22,Sat,2022,Oct,2003.154,1988.826,14.328,1.42%
Sun 16/10/22,Sun,2022,Oct,1808.804,1805.356,3.448,1.96%
Mon 17/10/22,Mon,2022,Oct,2544.394,2399.283,145.111,6.15%
Tue 18/10/22,Tue,2022,Oct,2610.294,2466.677,143.617,5.23%
Wed 19/10/22,Wed,2022,Oct,2598.794,2508.057,90.737,3.44%
Thu 20/10/22,Thu,2022,Oct,2632.294,2554.811,77.483,3.48%
Fri 21/10/22,Fri,2022,Oct,2485.044,2533.713,-48.669,2.68%
Sat 22/10/22,Sat,2022,Oct,1960.254,1937.18,23.074,2.71%
Sun 23/10/22,Sun,2022,Oct,1826.504,1815.558,10.946,5.37%
Mon 24/10/22,Mon,2022,Oct,2501.144,2370.3,130.844,5.57%
Tue 25/10/22,Tue,2022,Oct,2576.744,2433.057,143.687,6.02%
Wed 26/10/22,Wed,2022,Oct,2603.344,2410.306,193.038,8.78%
Thu 27/10/22,Thu,2022,Oct,2599.244,2405.611,193.633,9.21%
Fri 28/10/22,Fri,2022,Oct,2502.344,2282.436,219.908,10.44%
Sat 29/10/22,Sat,2022,Oct,2140.704,1945.193,195.511,10.99%
Sun 30/10/22,Sun,2022,Oct,1986.75,1760.886,225.864,13.34%
Mon 31/10/22,Mon,2022,Oct,2696.39,2437.963,258.427,11.88%
Tue 01/11/22,Tue,2022,Nov,2983.402,2608.181,375.221,17.13%
Wed 02/11/22,Wed,2022,Nov,2874.302,2717.898,156.404,6.17%
Thu 03/11/22,Thu,2022,Nov,2911.002,2703.171,207.831,7.98%
Fri 04/11/22,Fri,2022,Nov,2780.202,2622.302,157.9,6.34%
Sat 05/11/22,Sat,2022,Nov,2230.408,2150.878,79.53,4.12%
Sun 06/11/22,Sun,2022,Nov,1988.908,1937.131,51.777,3.89%
Mon 07/11/22,Mon,2022,Nov,2893.502,2733.227,160.275,6.29%
Tue 08/11/22,Tue,2022,Nov,2953.852,2740.266,213.586,7.60%
Wed 09/11/22,Wed,2022,Nov,2965.252,2737.097,228.155,7.87%
Thu 10/11/22,Thu,2022,Nov,2942.752,2750.951,191.801,6.64%
Fri 11/11/22,Fri,2022,Nov,2765.202,2591.92,173.282,5.50%
Sat 12/11/22,Sat,2022,Nov,2218.408,2075.092,143.316,6.24%
Sun 13/11/22,Sun,2022,Nov,1961.908,1909.942,51.966,3.57%
Mon 14/11/22,Mon,2022,Nov,2877.552,2718.834,158.718,6.12%
Tue 15/11/22,Tue,2022,Nov,2845.902,2824.517,21.385,3.04%
Wed 16/11/22,Wed,2022,Nov,2757.202,2846.034,-88.832,5.20%
Thu 17/11/22,Thu,2022,Nov,2946.002,2895.708,50.294,3.15%
Fri 18/11/22,Fri,2022,Nov,2815.102,2773.628,41.474,4.12%
Sat 19/11/22,Sat,2022,Nov,2240.008,2255.096,-15.088,3.66%
Sun 20/11/22,Sun,2022,Nov,2018.108,2044.33,-26.222,3.30%
Mon 21/11/22,Mon,2022,Nov,2969.952,3059.018,-89.066,3.81%
Tue 22/11/22,Tue,2022,Nov,2929.402,3054.37,-124.968,6.32%
Wed 23/11/22,Wed,2022,Nov,2853.052,3039.611,-186.559,7.38%
Thu 24/11/22,Thu,2022,Nov,3057.352,3074.712,-17.36,3.95%
Fri 25/11/22,Fri,2022,Nov,2901.252,2864.421,36.831,5.39%
Sat 26/11/22,Sat,2022,Nov,2324.158,2288.104,36.054,3.44%
Sun 27/11/22,Sun,2022,Nov,2084.708,2084.639,0.069,2.40%
Mon 28/11/22,Mon,2022,Nov,3044.302,2971.471,72.831,5.17%
Tue 29/11/22,Tue,2022,Nov,2934.352,3117.271,-182.919,6.53%
Wed 30/11/22,Wed,2022,Nov,2879.184,3124.051,-244.867,9.25%
Thu 01/12/22,Thu,2022,Dec,3570.948,3164.776,406.172,12.45%
Fri 02/12/22,Fri,2022,Dec,3287.848,3069.778,218.07,7.42%
Sat 03/12/22,Sat,2022,Dec,2686.576,2488.838,197.738,7.96%
Sun 04/12/22,Sun,2022,Dec,2433.176,2298.364,134.812,6.67%
Mon 05/12/22,Mon,2022,Dec,3559.348,3168.63,390.718,12.33%
Tue 06/12/22,Tue,2022,Dec,3654.948,3316.101,338.847,9.52%
Wed 07/12/22,Wed,2022,Dec,3633.348,3411.67,221.678,6.52%
Thu 08/12/22,Thu,2022,Dec,3630.698,3528.02,102.678,3.87%
Fri 09/12/22,Fri,2022,Dec,3383.198,3458.609,-75.411,2.89%
Sat 10/12/22,Sat,2022,Dec,2782.226,2840.269,-58.043,3.24%
Sun 11/12/22,Sun,2022,Dec,2468.176,2566.681,-98.505,4.36%
Mon 12/12/22,Mon,2022,Dec,3554.098,3634.261,-80.163,3.74%
Tue 13/12/22,Tue,2022,Dec,3654.298,3758.083,-103.785,3.70%
Wed 14/12/22,Wed,2022,Dec,3622.898,3772.649,-149.751,4.77%
Thu 15/12/22,Thu,2022,Dec,3607.248,3787.957,-180.709,5.88%
Fri 16/12/22,Fri,2022,Dec,3363.748,3605.645,-241.897,7.22%
Sat 17/12/22,Sat,2022,Dec,2737.676,2937.32,-199.644,7.08%
Sun 18/12/22,Sun,2022,Dec,2490.076,2631.937,-141.861,5.68%
Mon 19/12/22,Mon,2022,Dec,3539.748,3211.321,328.427,9.52%
Tue 20/12/22,Tue,2022,Dec,3601.698,3137.889,463.809,13.25%
Wed 21/12/22,Wed,2022,Dec,3553.248,3144.62,408.628,11.51%
Thu 22/12/22,Thu,2022,Dec,3391.448,3050.723,340.725,10.21%
Fri 23/12/22,Fri,2022,Dec,3073.748,2818.363,255.385,8.37%
Sat 24/12/22,Sat,2022,Dec,2578.426,2361.02,217.406,9.13%
Sun 25/12/22,Sun,2022,Dec,2061.576,1817.828,243.748,13.35%
Mon 26/12/22,Mon,2022,Dec,2210.648,2009.736,200.912,10.36%
Tue 27/12/22,Tue,2022,Dec,2514.048,2277.534,236.514,9.99%
Wed 28/12/22,Wed,2022,Dec,2641.898,2526.69,115.208,4.71%
Thu 29/12/22,Thu,2022,Dec,2683.848,2502.875,180.973,6.92%
Fri 30/12/22,Fri,2022,Dec,2470.148,2505.819,-35.671,4.31%
Sat 31/12/22,Sat,2022,Dec,2542.876,2355.62,187.256,8.26%
Sun 01/01/23,Sun,2023,Jan,2013.076,2056.849,-43.773,3.76%
Mon 02/01/23,Mon,2023,Jan,2361.148,2207.555,153.593,10.10%
Tue 03/01/23,Tue,2023,Jan,3207.748,3207.564,0.184,3.19%
Wed 04/01/23,Wed,2023,Jan,3399.398,3129.133,270.265,7.61%
Thu 05/01/23,Thu,2023,Jan,3595.248,3141.341,453.907,13.47%
Fri 06/01/23,Fri,2023,Jan,3425.498,3051.909,373.589,11.21%
Sat 07/01/23,Sat,2023,Jan,2567.176,2465.286,101.89,4.52%
Sun 08/01/23,Sun,2023,Jan,2378.476,2315.653,62.823,4.19%
Mon 09/01/23,Mon,2023,Jan,3460.448,3298.307,162.141,4.96%
Tue 10/01/23,Tue,2023,Jan,3555.548,3406.029,149.519,4.58%
Wed 11/01/23,Wed,2023,Jan,3555.998,3327.715,228.283,6.66%
Thu 12/01/23,Thu,2023,Jan,3554.748,3265.752,288.996,8.18%
Fri 13/01/23,Fri,2023,Jan,3409.248,3152.332,256.916,7.64%
Sat 14/01/23,Sat,2023,Jan,2649.376,2541.822,107.554,4.39%
Sun 15/01/23,Sun,2023,Jan,2437.576,2364.016,73.56,4.25%
Mon 16/01/23,Mon,2023,Jan,3460.448,3442.524,17.924,2.55%
Tue 17/01/23,Tue,2023,Jan,3555.548,3650.761,-95.213,2.62%
Wed 18/01/23,Wed,2023,Jan,3555.998,3625.512,-69.514,2.57%
Thu 19/01/23,Thu,2023,Jan,3554.748,3605.772,-51.024,2.62%
Fri 20/01/23,Fri,2023,Jan,3409.248,3412.905,-3.657,3.12%
Sat 21/01/23,Sat,2023,Jan,2648.976,2775.541,-126.565,4.65%
Sun 22/01/23,Sun,2023,Jan,2436.576,2543.853,-107.277,4.87%
Mon 23/01/23,Mon,2023,Jan,3468.448,3585.796,-117.348,3.61%
Tue 24/01/23,Tue,2023,Jan,3541.198,3592.475,-51.277,1.87%
Wed 25/01/23,Wed,2023,Jan,3490.498,3589.447,-98.949,2.86%
Thu 26/01/23,Thu,2023,Jan,3474.648,3488.182,-13.534,2.09%
Fri 27/01/23,Fri,2023,Jan,3378.098,3372.519,5.579,1.88%
Sat 28/01/23,Sat,2023,Jan,2630.826,2748.326,-117.5,4.10%
Sun 29/01/23,Sun,2023,Jan,2425.776,2480.011,-54.235,3.52%
Mon 30/01/23,Mon,2023,Jan,3430.698,3368.281,62.417,3.10%
Tue 31/01/23,Tue,2023,Jan,3473.498,3401.504,71.994,2.33%
Wed 01/02/23,Wed,2023,Feb,3515.222,3446.906,68.316,1.96%
Thu 02/02/23,Thu,2023,Feb,3510.272,3386.91,123.362,3.45%
Fri 03/02/23,Fri,2023,Feb,3334.872,3176.288,158.584,4.95%
Sat 04/02/23,Sat,2023,Feb,2748.676,2602.796,145.88,5.92%
Sun 05/02/23,Sun,2023,Feb,2588.476,2368.731,219.745,9.18%
Mon 06/02/23,Mon,2023,Feb,3548.522,3416.416,132.106,4.23%
Tue 07/02/23,Tue,2023,Feb,3576.472,3520.128,56.344,2.87%
Wed 08/02/23,Wed,2023,Feb,3552.922,3580.528,-27.606,2.95%
Thu 09/02/23,Thu,2023,Feb,3549.672,3496.899,52.773,2.71%
Fri 10/02/23,Fri,2023,Feb,3402.372,3423.145,-20.773,1.46%
Sat 11/02/23,Sat,2023,Feb,2804.626,2628.358,176.268,6.42%
Sun 12/02/23,Sun,2023,Feb,2565.076,2370.837,194.239,8.18%
Mon 13/02/23,Mon,2023,Feb,3595.522,3225.798,369.724,10.83%
Tue 14/02/23,Tue,2023,Feb,3595.672,3308.248,287.424,7.94%
Wed 15/02/23,Wed,2023,Feb,3595.672,3266.478,329.194,9.15%
Thu 16/02/23,Thu,2023,Feb,3600.422,3209.995,390.427,11.61%
Fri 17/02/23,Fri,2023,Feb,3271.922,2999.645,272.277,9.04%
Sat 18/02/23,Sat,2023,Feb,2634.876,2478.031,156.845,5.99%
Sun 19/02/23,Sun,2023,Feb,2515.676,2243.36,272.316,11.93%
Mon 20/02/23,Mon,2023,Feb,3556.172,3177.707,378.465,12.00%
Tue 21/02/23,Tue,2023,Feb,3553.972,3213.893,340.079,10.64%
Wed 22/02/23,Wed,2023,Feb,3449.122,3280.407,168.715,5.46%
Thu 23/02/23,Thu,2023,Feb,3449.122,3317.478,131.644,3.92%
Fri 24/02/23,Fri,2023,Feb,3460.772,3241.542,219.23,6.35%
Sat 25/02/23,Sat,2023,Feb,2824.826,2643.911,180.915,6.66%
Sun 26/02/23,Sun,2023,Feb,2404.976,2397.665,7.311,2.41%
Mon 27/02/23,Mon,2023,Feb,3452.772,3449.774,2.998,2.89%
Tue 28/02/23,Tue,2023,Feb,3448.81,3485.171,-36.361,1.63%
Wed 01/03/23,Wed,2023,Mar,3401.342,3493.322,-91.98,2.27%
Mon 06/03/23,Mon,2023,Mar,3405.142,3488.223,-83.081,3.98%
Tue 07/03/23,Tue,2023,Mar,3620.242,3515.833,104.409,2.71%
Wed 08/03/23,Wed,2023,Mar,3620.242,3711.928,-91.686,2.56%
Thu 09/03/23,Thu,2023,Mar,3617.892,3707.977,-90.085,2.66%
Fri 10/03/23,Fri,2023,Mar,3469.292,3432.272,37.02,2.48%
Sat 11/03/23,Sat,2023,Mar,2589.638,2749.26,-159.622,5.86%
Sun 12/03/23,Sun,2023,Mar,2361.088,2379.552,-18.464,2.68%
Mon 13/03/23,Mon,2023,Mar,3620.542,3243.835,376.707,11.22%
Tue 14/03/23,Tue,2023,Mar,3620.242,3347.872,272.37,7.28%
Wed 15/03/23,Wed,2023,Mar,3618.292,3469.105,149.187,4.13%
Thu 16/03/23,Thu,2023,Mar,3530.592,3303.582,227.01,6.37%
Fri 17/03/23,Fri,2023,Mar,3170.692,3015.983,154.709,5.21%
Sat 18/03/23,Sat,2023,Mar,2667.688,2378.687,289.001,11.89%
Sun 19/03/23,Sun,2023,Mar,2376.188,2188.348,187.84,8.55%
Mon 20/03/23,Mon,2023,Mar,3538.292,3184.572,353.72,11.53%
Tue 21/03/23,Tue,2023,Mar,3538.242,3114.125,424.117,12.91%
Wed 22/03/23,Wed,2023,Mar,3533.992,3101.044,432.948,12.89%
Thu 23/03/23,Thu,2023,Mar,3322.192,3088.989,233.203,6.87%
Fri 24/03/23,Fri,2023,Mar,3228.792,2955.062,273.73,8.73%
Sat 25/03/23,Sat,2023,Mar,2725.738,2366.25,359.488,14.79%
Sun 26/03/23,Sun,2023,Mar,2346.976,1989.627,357.349,17.90%
Mon 27/03/23,Mon,2023,Mar,3536.692,2985.478,551.214,17.75%
Tue 28/03/23,Tue,2023,Mar,3536.742,3189.369,347.373,11.00%
Wed 29/03/23,Wed,2023,Mar,3536.742,3073.331,463.411,14.55%
Thu 30/03/23,Thu,2023,Mar,3527.542,2920.612,606.93,19.51%
Fri 31/03/23,Fri,2023,Mar,3057.514,2883.143,174.371,6.10%
Sat 01/04/23,Sat,2023,Apr,2387.816,2339.019,48.797,3.12%
Sun 02/04/23,Sun,2023,Apr,2204.916,2170.674,34.242,3.18%
Mon 03/04/23,Mon,2023,Apr,3287.308,2970.401,316.907,10.35%
Tue 04/04/23,Tue,2023,Apr,2772.208,2955.476,-183.268,10.87%
Wed 05/04/23,Wed,2023,Apr,3058.108,3032.976,25.132,1.51%
Thu 06/04/23,Thu,2023,Apr,3053.308,2947.183,106.125,4.31%
Fri 07/04/23,Fri,2023,Apr,2365.508,2422.527,-57.019,3.79%
Sat 08/04/23,Sat,2023,Apr,2368.916,2164.546,204.37,9.37%
Sun 09/04/23,Sun,2023,Apr,2226.316,2020.351,205.965,10.08%
Mon 10/04/23,Mon,2023,Apr,2227.708,2361.764,-134.056,7.03%
Tue 11/04/23,Tue,2023,Apr,3058.608,2969.244,89.364,4.51%
Wed 12/04/23,Wed,2023,Apr,3057.958,3104.039,-46.081,3.57%
Thu 13/04/23,Thu,2023,Apr,3185.708,3006.696,179.012,8.06%
Fri 14/04/23,Fri,2023,Apr,2915.858,3007.958,-92.1,3.51%
Sat 15/04/23,Sat,2023,Apr,2367.466,2378.242,-10.776,4.16%
Sun 16/04/23,Sun,2023,Apr,2414.116,2182.6,231.516,10.49%
Mon 17/04/23,Mon,2023,Apr,3189.558,2963.893,225.665,6.97%
Tue 18/04/23,Tue,2023,Apr,3188.708,2974.249,214.459,6.30%
Wed 19/04/23,Wed,2023,Apr,3188.708,2954.754,233.954,7.15%
Thu 20/04/23,Thu,2023,Apr,3185.708,2915.657,270.051,8.43%
Fri 21/04/23,Fri,2023,Apr,2921.808,2961.39,-39.582,2.68%
Sat 22/04/23,Sat,2023,Apr,1945.666,2330.409,-384.743,19.22%
Sun 23/04/23,Sun,2023,Apr,2230.216,2161.757,68.459,4.46%
Mon 24/04/23,Mon,2023,Apr,3055.258,2984.775,70.483,5.93%
Tue 25/04/23,Tue,2023,Apr,3054.808,2984.721,70.087,3.79%
Wed 26/04/23,Wed,2023,Apr,3054.808,3031.529,23.279,3.55%
Thu 27/04/23,Thu,2023,Apr,3050.608,3093.579,-42.971,3.62%
Fri 28/04/23,Fri,2023,Apr,2956.008,2921.877,34.131,2.91%
Sat 29/04/23,Sat,2023,Apr,2373.816,2262.304,111.512,5.25%
Sun 30/04/23,Sun,2023,Apr,2182.684,2073.83,108.854,5.42%
Mon 01/05/23,Mon,2023,May,2212.64,2291.989,-79.349,6.72%
Tue 02/05/23,Tue,2023,May,2989.74,2866.053,123.687,4.79%
Wed 03/05/23,Wed,2023,May,2988.84,2808.514,180.326,6.01%
Thu 04/05/23,Thu,2023,May,2981.89,2888.798,93.092,3.18%
Fri 05/05/23,Fri,2023,May,2971.64,2753.786,217.854,7.63%
Sat 06/05/23,Sat,2023,May,2352.098,2219.907,132.191,6.59%
Sun 07/05/23,Sun,2023,May,2186.448,1970.174,216.274,11.04%
Mon 08/05/23,Mon,2023,May,2910.74,2273.365,637.375,26.77%
Tue 09/05/23,Tue,2023,May,2910.69,2822.595,88.095,3.68%
Wed 10/05/23,Wed,2023,May,2910.34,2835.865,74.475,2.99%
Thu 11/05/23,Thu,2023,May,2909.54,2836.095,73.445,3.03%
Fri 12/05/23,Fri,2023,May,2935.59,2798.156,137.434,5.23%
Sat 13/05/23,Sat,2023,May,2260.248,2161.074,99.174,4.65%
Sun 14/05/23,Sun,2023,May,2078.548,1906.569,171.979,8.90%
Mon 15/05/23,Mon,2023,May,2884.09,2672.746,211.344,7.72%
Tue 16/05/23,Tue,2023,May,2883.54,2724.225,159.315,5.30%
Wed 17/05/23,Wed,2023,May,2883.54,2743.561,139.979,4.63%
Thu 18/05/23,Thu,2023,May,2881.29,2730.318,150.972,5.07%
Fri 19/05/23,Fri,2023,May,2768.99,2651.263,117.727,4.69%
Sat 20/05/23,Sat,2023,May,2239.148,2082.861,156.287,7.29%
Sun 21/05/23,Sun,2023,May,1977.248,1911.232,66.016,4.59%
Mon 22/05/23,Mon,2023,May,2846.74,2679.273,167.467,6.83%
Tue 23/05/23,Tue,2023,May,2846.34,2702.923,143.417,5.56%
Wed 24/05/23,Wed,2023,May,2846.34,2681.005,165.335,6.07%
Thu 25/05/23,Thu,2023,May,2842.64,2710.779,131.861,4.97%
Fri 26/05/23,Fri,2023,May,2767.29,2545.915,221.375,8.45%
Sat 27/05/23,Sat,2023,May,2183.248,2011.129,172.119,8.29%
Sun 28/05/23,Sun,2023,May,1969.548,1872.688,96.86,5.24%
Mon 29/05/23,Mon,2023,May,1989.04,2103.666,-114.626,6.95%
Tue 30/05/23,Tue,2023,May,2698.89,2602.751,96.139,4.35%
Wed 31/05/23,Wed,2023,May,2699.948,2680.751,19.197,2.42%
Thu 01/06/23,Thu,2023,Jun,2725.67,2660.87,64.8,2.93%
Fri 02/06/23,Fri,2023,Jun,2634.02,2500.826,133.194,5.02%
Sat 03/06/23,Sat,2023,Jun,2137.09,2044.077,93.013,4.84%
Sun 04/06/23,Sun,2023,Jun,1959.34,1884.342,74.998,4.66%
Mon 05/06/23,Mon,2023,Jun,2724.22,2643.937,80.283,4.26%
Tue 06/06/23,Tue,2023,Jun,2724.32,2748.454,-24.134,3.50%
Wed 07/06/23,Wed,2023,Jun,2724.32,2724.584,-0.264,2.27%
Thu 08/06/23,Thu,2023,Jun,2720.97,2657.699,63.271,3.01%
Fri 09/06/23,Fri,2023,Jun,2509.07,2564.928,-55.858,2.75%
Sat 10/06/23,Sat,2023,Jun,1976.94,2099.365,-122.425,6.19%
Sun 11/06/23,Sun,2023,Jun,1846.54,1962.973,-116.433,6.55%
Mon 12/06/23,Mon,2023,Jun,2643.07,2699.457,-56.387,5.49%
Tue 13/06/23,Tue,2023,Jun,2643.17,2693.53,-50.36,4.91%
Wed 14/06/23,Wed,2023,Jun,2643.17,2724.302,-81.132,3.45%
Thu 15/06/23,Thu,2023,Jun,2641.97,2738.859,-96.889,3.86%
Fri 16/06/23,Fri,2023,Jun,2508.32,2631.414,-123.094,4.98%
Sat 17/06/23,Sat,2023,Jun,1946.04,2120.436,-174.396,7.65%
Sun 18/06/23,Sun,2023,Jun,1842.74,1949.968,-107.228,6.38%
Mon 19/06/23,Mon,2023,Jun,2604.72,2634.269,-29.549,4.52%
Tue 20/06/23,Tue,2023,Jun,2604.77,2753.556,-148.786,4.82%
Wed 21/06/23,Wed,2023,Jun,2604.77,2703.45,-98.68,3.38%
Thu 22/06/23,Thu,2023,Jun,2606.67,2725.762,-119.092,4.04%
Fri 23/06/23,Fri,2023,Jun,2606.72,2648.366,-41.646,1.88%
Sat 24/06/23,Sat,2023,Jun,2121.34,2130.272,-8.932,2.01%
Sun 25/06/23,Sun,2023,Jun,1994.74,1978.643,16.097,1.83%
Mon 26/06/23,Mon,2023,Jun,2726.22,2632.281,93.939,3.92%
Tue 27/06/23,Tue,2023,Jun,2726.02,2766.747,-40.727,1.89%
Wed 28/06/23,Wed,2023,Jun,2725.12,2786.244,-61.124,2.51%
Thu 29/06/23,Thu,2023,Jun,2694.32,2671.835,22.485,9.01%
Fri 30/06/23,Fri,2023,Jun,2611.316,2619.925,-8.609,3.30%
Sat 01/07/23,Sat,2023,Jul,2100.394,2153.504,-53.11,2.43%
Sun 02/07/23,Sun,2023,Jul,1955.244,2772.046,-816.802,6.92%
Mon 03/07/23,Mon,2023,Jul,2742.584,2704.017,38.567,2.23%
Tue 04/07/23,Tue,2023,Jul,2739.334,2811.627,-72.293,2.49%
Wed 05/07/23,Wed,2023,Jul,2739.334,2772.339,-33.005,1.89%
Thu 06/07/23,Thu,2023,Jul,2740.184,2766.317,-26.133,1.70%
Fri 07/07/23,Fri,2023,Jul,2678.984,2652.362,26.622,1.44%
Sat 08/07/23,Sat,2023,Jul,2146.644,2253.786,-107.142,4.39%
Sun 09/07/23,Sun,2023,Jul,2003.244,2014.429,-11.185,2.21%
Mon 10/07/23,Mon,2023,Jul,2770.684,2732.309,38.375,2.74%
Tue 11/07/23,Tue,2023,Jul,2770.784,2799.104,-28.32,1.20%
Wed 12/07/23,Wed,2023,Jul,2770.784,2780.534,-9.75,1.42%
Thu 13/07/23,Thu,2023,Jul,2772.634,2805.415,-32.781,2.13%
Fri 14/07/23,Fri,2023,Jul,2678.984,2792.528,-113.544,3.52%
Sat 15/07/23,Sat,2023,Jul,2146.644,2181.448,-34.804,1.87%
Sun 16/07/23,Sun,2023,Jul,2003.244,1984.343,18.901,1.83%
Mon 17/07/23,Mon,2023,Jul,2770.684,2693.997,76.687,3.37%
Tue 18/07/23,Tue,2023,Jul,2770.784,2794.366,-23.582,1.15%
Wed 19/07/23,Wed,2023,Jul,2770.784,2780.376,-9.592,1.88%
Thu 20/07/23,Thu,2023,Jul,2772.634,2768.281,4.353,2.22%
Fri 21/07/23,Fri,2023,Jul,2678.984,2647.582,31.402,1.59%
Sat 22/07/23,Sat,2023,Jul,2146.644,2273.376,-126.732,5.13%
Sun 23/07/23,Sun,2023,Jul,2003.244,2040.777,-37.533,3.29%
Mon 24/07/23,Mon,2023,Jul,2770.684,2708.696,61.988,2.81%
Tue 25/07/23,Tue,2023,Jul,2770.784,2706.373,64.411,3.23%
Wed 26/07/23,Wed,2023,Jul,2770.784,2730.616,40.168,3.01%
Thu 27/07/23,Thu,2023,Jul,2771.884,2776.7,-4.816,1.59%
Wed 02/08/23,Wed,2023,Aug,2817.588,2776.267,41.321,1.85%
Thu 03/08/23,Thu,2023,Aug,2816.888,2726.094,90.794,3.13%
Fri 04/08/23,Fri,2023,Aug,2737.538,2626.256,111.282,3.80%
Sat 05/08/23,Sat,2023,Aug,2234.97,2255.978,-21.008,2.01%
Sun 06/08/23,Sun,2023,Aug,2022.22,2026.913,-4.693,2.27%
Mon 07/08/23,Mon,2023,Aug,2817.438,2680.669,136.769,4.92%
Tue 08/08/23,Tue,2023,Aug,2816.438,2755.026,61.412,2.42%
Wed 09/08/23,Wed,2023,Aug,2775.338,2763.693,11.645,3.14%
Thu 10/08/23,Thu,2023,Aug,2779.638,2808.318,-28.68,3.16%
Fri 11/08/23,Fri,2023,Aug,2744.588,2790.209,-45.621,1.95%
Sat 12/08/23,Sat,2023,Aug,2288.12,2342.956,-54.836,2.45%
Sun 13/08/23,Sun,2023,Aug,2066.02,2100.601,-34.581,2.51%
Mon 14/08/23,Mon,2023,Aug,2837.888,2905.635,-67.747,3.16%
Tue 15/08/23,Tue,2023,Aug,2837.788,2853.535,-15.747,1.81%
Wed 16/08/23,Wed,2023,Aug,2837.788,2870.358,-32.57,1.42%
Thu 17/08/23,Thu,2023,Aug,2839.288,2880.742,-41.454,1.82%
Fri 18/08/23,Fri,2023,Aug,2744.588,2895.99,-151.402,4.77%
Sat 19/08/23,Sat,2023,Aug,2288.12,2345.784,-57.664,2.98%
Sun 20/08/23,Sun,2023,Aug,2066.02,2077.091,-11.071,2.22%
Mon 21/08/23,Mon,2023,Aug,2837.888,2856.772,-18.884,2.81%
Tue 22/08/23,Tue,2023,Aug,2837.788,2925.168,-87.38,3.18%
Wed 23/08/23,Wed,2023,Aug,2837.788,2950.217,-112.429,4.01%
Thu 24/08/23,Thu,2023,Aug,2838.538,2982.161,-143.623,4.86%
Fri 25/08/23,Fri,2023,Aug,2786.788,2789.957,-3.169,0.94%
Sat 26/08/23,Sat,2023,Aug,2339.12,2291.488,47.632,2.35%
Sun 27/08/23,Sun,2023,Aug,2108.72,2111.629,-2.909,1.54%
Mon 28/08/23,Mon,2023,Aug,2879.588,2231.719,647.869,26.95%
Tue 29/08/23,Tue,2023,Aug,2879.638,2909.333,-29.695,2.68%
Wed 30/08/23,Wed,2023,Aug,2879.338,2888.594,-9.256,2.07%
Thu 31/08/23,Thu,2023,Aug,2878.896,2930.116,-51.22,2.10%
Fri 01/09/23,Fri,2023,Sep,2838.964,2919.322,-80.358,2.71%
Sat 02/09/23,Sat,2023,Sep,2340.362,2386.219,-45.857,2.46%
Sun 03/09/23,Sun,2023,Sep,2095.612,2154.367,-58.755,3.17%
Mon 04/09/23,Mon,2023,Sep,2871.614,2957.743,-86.129,2.98%
Tue 05/09/23,Tue,2023,Sep,2871.664,3073.061,-201.397,6.62%
Wed 06/09/23,Wed,2023,Sep,2871.664,3125.023,-253.359,8.07%
Thu 07/09/23,Thu,2023,Sep,2873.264,3224.691,-351.427,10.75%
Fri 08/09/23,Fri,2023,Sep,2907.714,3112.258,-204.544,6.64%
Sat 09/09/23,Sat,2023,Sep,2390.312,2761.126,-370.814,11.80%
Sun 10/09/23,Sun,2023,Sep,2131.012,2682.918,-551.906,18.17%
Mon 11/09/23,Mon,2023,Sep,2932.614,3109.009,-176.395,6.92%
Tue 12/09/23,Tue,2023,Sep,2932.814,3205.536,-272.722,8.17%
Wed 13/09/23,Wed,2023,Sep,2932.814,3097.526,-164.712,5.60%
Thu 14/09/23,Thu,2023,Sep,2932.064,3094.735,-162.671,5.28%
Fri 15/09/23,Fri,2023,Sep,2836.964,2990.784,-153.82,4.91%
Sat 16/09/23,Sat,2023,Sep,2353.912,2557.719,-203.807,7.41%
Sun 17/09/23,Sun,2023,Sep,2110.612,2393.333,-282.721,10.87%
Mon 18/09/23,Mon,2023,Sep,2908.514,3096.874,-188.36,5.40%
Tue 19/09/23,Tue,2023,Sep,2909.114,3205.02,-295.906,8.42%
Wed 20/09/23,Wed,2023,Sep,2909.114,3191.08,-281.966,8.33%
Thu 21/09/23,Thu,2023,Sep,2908.664,3189.392,-280.728,8.78%
Fri 22/09/23,Fri,2023,Sep,2836.964,3080.416,-243.452,7.56%
Sat 23/09/23,Sat,2023,Sep,2353.912,2480.344,-126.432,5.26%
Sun 24/09/23,Sun,2023,Sep,2110.612,2317.41,-206.798,8.89%
Mon 25/09/23,Mon,2023,Sep,2908.514,3101.587,-193.073,5.85%
Tue 26/09/23,Tue,2023,Sep,2909.114,3219.876,-310.762,9.12%
Wed 27/09/23,Wed,2023,Sep,2909.114,3303.145,-394.031,11.10%
Thu 28/09/23,Thu,2023,Sep,2909.114,3281.11,-371.996,10.80%
Fri 29/09/23,Fri,2023,Sep,2840.614,3056.25,-215.636,6.75%
Sat 30/09/23,Sat,2023,Sep,2419.128,2540.169,-121.041,4.56%
Sun 01/10/23,Sun,2023,Oct,2252.296,2431.378,-179.082,7.77%
Mon 02/10/23,Mon,2023,Oct,3350.184,3328.262,21.922,3.36%
Tue 03/10/23,Tue,2023,Oct,3351.234,3352.414,-1.18,2.41%
Wed 04/10/23,Wed,2023,Oct,3351.234,3442.213,-90.979,2.86%
Thu 05/10/23,Thu,2023,Oct,3349.484,3455.237,-105.753,3.38%
Fri 06/10/23,Fri,2023,Oct,3207.234,3283.869,-76.635,2.42%
Sat 07/10/23,Sat,2023,Oct,2601.496,2674.168,-72.672,2.97%
Sun 08/10/23,Sun,2023,Oct,2418.796,2446.225,-27.429,2.48%
Mon 09/10/23,Mon,2023,Oct,3362.734,3312.869,49.865,2.71%
Tue 10/10/23,Tue,2023,Oct,3362.584,3380.973,-18.389,1.54%
Wed 11/10/23,Wed,2023,Oct,3362.584,3499.035,-136.451,3.77%
Thu 12/10/23,Thu,2023,Oct,3360.784,3475.944,-115.16,3.47%
Fri 13/10/23,Fri,2023,Oct,3205.934,3362.574,-156.64,4.51%
Sat 14/10/23,Sat,2023,Oct,2629.896,2740.916,-111.02,4.43%
Sun 15/10/23,Sun,2023,Oct,2526.996,2537.74,-10.744,3.97%
Mon 16/10/23,Mon,2023,Oct,3496.884,3729.449,-232.565,6.15%
Tue 17/10/23,Tue,2023,Oct,3496.534,3688.692,-192.158,5.74%
Wed 18/10/23,Wed,2023,Oct,3496.534,3704.592,-208.058,6.01%
Thu 19/10/23,Thu,2023,Oct,3490.734,3606.261,-115.527,4.03%
Fri 20/10/23,Fri,2023,Oct,3322.884,3553.967,-231.083,6.39%
Sat 21/10/23,Sat,2023,Oct,2698.196,2972.529,-274.333,9.08%
Sun 22/10/23,Sun,2023,Oct,2498.496,2655.354,-156.858,6.31%
Mon 23/10/23,Mon,2023,Oct,3486.134,3617.147,-131.013,3.91%
Tue 24/10/23,Tue,2023,Oct,3485.484,3659.907,-174.423,5.01%
Wed 25/10/23,Wed,2023,Oct,3485.484,3673.651,-188.167,5.45%
Thu 26/10/23,Thu,2023,Oct,3479.834,3669.293,-189.459,5.49%
Fri 27/10/23,Fri,2023,Oct,3325.534,3543.14,-217.606,6.64%
Sat 28/10/23,Sat,2023,Oct,2781.346,2917.569,-136.223,4.68%
Sun 29/10/23,Sun,2023,Oct,2611,2759.251,-148.251,5.47%
Mon 30/10/23,Mon,2023,Oct,3856.884,3648.76,208.124,9.79%
Tue 31/10/23,Tue,2023,Oct,3856.682,3749.581,107.101,8.22%
Wed 01/11/23,Wed,2023,Nov,3855.204,3757.091,98.113,7.26%
Fri 03/11/23,Fri,2023,Nov,3497.204,3709.597,-212.393,8.10%
Sat 04/11/23,Sat,2023,Nov,2887.248,3092.187,-204.939,6.93%
Sun 05/11/23,Sun,2023,Nov,2615.848,2758.959,-143.111,5.83%
Mon 06/11/23,Mon,2023,Nov,3859.554,3782.351,77.203,4.63%
Tue 07/11/23,Tue,2023,Nov,3859.554,3892.491,-32.937,3.79%
Wed 08/11/23,Wed,2023,Nov,3862.554,3979.145,-116.591,3.92%
Thu 09/11/23,Thu,2023,Nov,3924.704,3985.563,-60.859,3.07%
Fri 10/11/23,Fri,2023,Nov,3572.804,3897.581,-324.777,8.47%
Sat 11/11/23,Sat,2023,Nov,3003.198,3162.393,-159.195,5.26%
Sun 12/11/23,Sun,2023,Nov,2721.548,2934.72,-213.172,7.55%
Mon 13/11/23,Mon,2023,Nov,3784.754,3881.794,-97.04,2.65%
Tue 14/11/23,Tue,2023,Nov,3784.654,3976.871,-192.217,4.61%
Wed 15/11/23,Wed,2023,Nov,3784.654,3969.835,-185.181,4.83%
Thu 16/11/23,Thu,2023,Nov,3784.704,4097.255,-312.551,7.27%
Fri 17/11/23,Fri,2023,Nov,3721.854,3886.657,-164.803,4.26%
Sat 18/11/23,Sat,2023,Nov,3077.498,3152.3,-74.802,3.08%
Sun 19/11/23,Sun,2023,Nov,2769.748,2852.829,-83.081,3.42%
Mon 20/11/23,Mon,2023,Nov,3913.704,3881.878,31.826,2.05%
Tue 21/11/23,Tue,2023,Nov,3913.604,4010.056,-96.452,2.16%
Wed 22/11/23,Wed,2023,Nov,3913.604,4086.609,-173.005,3.92%
Thu 23/11/23,Thu,2023,Nov,3915.454,3958.96,-43.506,1.83%
Fri 24/11/23,Fri,2023,Nov,3943.604,3916.393,27.211,1.78%
Sat 25/11/23,Sat,2023,Nov,3189.548,3376.437,-186.889,5.48%
Sun 26/11/23,Sun,2023,Nov,2949.948,3133.439,-183.491,5.85%
Mon 27/11/23,Mon,2023,Nov,4050.454,4220.25,-169.796,3.95%
Tue 28/11/23,Tue,2023,Nov,4050.454,4324.606,-274.152,6.67%
Wed 29/11/23,Wed,2023,Nov,4053.154,4429.115,-375.961,8.74%
Thu 30/11/23,Thu,2023,Nov,4170.268,4568.425,-398.157,8.88%
Fri 01/12/23,Fri,2023,Dec,4111.816,4532.772,-420.956,9.19%
Sat 02/12/23,Sat,2023,Dec,3230.684,3797.565,-566.881,14.69%
Sun 03/12/23,Sun,2023,Dec,2969.584,3356.561,-386.977,11.36%
Mon 04/12/23,Mon,2023,Dec,4172.816,4482.789,-309.973,6.39%
Tue 05/12/23,Tue,2023,Dec,4170.666,4510.258,-339.592,7.68%
Wed 06/12/23,Wed,2023,Dec,4170.666,4588.961,-418.295,9.46%
Thu 07/12/23,Thu,2023,Dec,4167.966,4555.438,-387.472,8.57%
Fri 08/12/23,Fri,2023,Dec,3901.116,4226.249,-325.133,7.91%
Sat 09/12/23,Sat,2023,Dec,3146.984,3438.241,-291.257,8.54%
Sun 10/12/23,Sun,2023,Dec,2953.184,3158.832,-205.648,6.62%
Mon 11/12/23,Mon,2023,Dec,4068.616,4175.059,-106.443,2.95%
Tue 12/12/23,Tue,2023,Dec,4083.716,4246.633,-162.917,4.65%
Wed 13/12/23,Wed,2023,Dec,4554.766,4371.106,183.66,3.74%
Thu 14/12/23,Thu,2023,Dec,4548.366,4364.267,184.099,4.71%
Fri 15/12/23,Fri,2023,Dec,4154.466,4152.333,2.133,1.32%
Sat 16/12/23,Sat,2023,Dec,3345.434,3304.083,41.351,1.64%
Sun 17/12/23,Sun,2023,Dec,3088.684,3013.761,74.923,2.59%
Mon 18/12/23,Mon,2023,Dec,4360.366,4006.632,353.734,8.59%
Tue 19/12/23,Tue,2023,Dec,4359.916,4076.901,283.015,6.45%
Wed 20/12/23,Wed,2023,Dec,4359.916,4130.921,228.995,5.49%
Thu 21/12/23,Thu,2023,Dec,4346.866,3945.784,401.082,9.35%
Fri 22/12/23,Fri,2023,Dec,3717.466,3687.308,30.158,2.82%
Sat 23/12/23,Sat,2023,Dec,2992.184,3083.591,-91.407,3.19%
Sun 24/12/23,Sun,2023,Dec,2768.484,2776.405,-7.921,2.54%
Mon 25/12/23,Mon,2023,Dec,2038.516,2483.496,-444.98,17.66%
Tue 26/12/23,Tue,2023,Dec,2351.016,2709.631,-358.615,12.95%
Wed 27/12/23,Wed,2023,Dec,2968.366,3337.463,-369.097,10.15%
Thu 28/12/23,Thu,2023,Dec,3133.516,3327.624,-194.108,6.15%
Fri 29/12/23,Fri,2023,Dec,3125.266,3335.92,-210.654,8.38%
Sat 30/12/23,Sat,2023,Dec,2877.384,3154.092,-276.708,8.68%
Sun 31/12/23,Sun,2023,Dec,2647.914,2882.981,-235.067,8.18%
Mon 01/01/24,Mon,2024,Jan,2292.936,2703.479,-410.543,15.05%
Tue 02/01/24,Tue,2024,Jan,3395.736,3975.142,-579.406,14.72%
Wed 03/01/24,Wed,2024,Jan,3871.586,4126.73,-255.144,6.56%
Thu 04/01/24,Thu,2024,Jan,4087.486,4147.356,-59.87,2.62%
Fri 05/01/24,Fri,2024,Jan,4314.636,4115.593,199.043,4.98%
Sat 06/01/24,Sat,2024,Jan,3370.604,3407.702,-37.098,1.33%
Sun 07/01/24,Sun,2024,Jan,3254.604,3207.711,46.893,2.95%
Mon 08/01/24,Mon,2024,Jan,4578.436,4594.115,-15.679,3.29%
Tue 09/01/24,Tue,2024,Jan,4578.186,4656.283,-78.097,1.85%
Wed 10/01/24,Wed,2024,Jan,4578.186,4613.752,-35.566,1.71%
Thu 11/01/24,Thu,2024,Jan,4578.036,4593.09,-15.054,2.11%
Fri 12/01/24,Fri,2024,Jan,4276.886,4378.688,-101.802,1.98%
Sat 13/01/24,Sat,2024,Jan,3180.954,3545.32,-364.366,9.91%
Sun 14/01/24,Sun,2024,Jan,3104.204,3222.362,-118.158,3.51%
Mon 15/01/24,Mon,2024,Jan,4502.186,4598.835,-96.649,2.63%
Tue 16/01/24,Tue,2024,Jan,4606.986,4720.626,-113.64,2.76%
Wed 17/01/24,Wed,2024,Jan,4606.986,4733.459,-126.473,2.62%
Thu 18/01/24,Thu,2024,Jan,4598.636,4697.577,-98.941,3.57%
Fri 19/01/24,Fri,2024,Jan,4403.286,4514.097,-110.811,3.10%
Sat 20/01/24,Sat,2024,Jan,3407.804,3602.865,-195.061,5.08%
Sun 21/01/24,Sun,2024,Jan,3233.104,3125.603,107.501,3.49%
Mon 22/01/24,Mon,2024,Jan,4271.536,4110.25,161.286,5.04%
Tue 23/01/24,Tue,2024,Jan,4271.486,4328.186,-56.7,2.87%
Wed 24/01/24,Wed,2024,Jan,4271.486,4141.383,130.103,3.25%
Thu 25/01/24,Thu,2024,Jan,4267.436,4170.06,97.376,3.04%
Fri 26/01/24,Fri,2024,Jan,4304.586,3947.728,356.858,8.77%
Sat 27/01/24,Sat,2024,Jan,3546.104,3336.486,209.618,6.20%
Sun 28/01/24,Sun,2024,Jan,3055.104,2996.891,58.213,2.36%
Mon 29/01/24,Mon,2024,Jan,4136.786,4092.514,44.272,4.49%
Tue 30/01/24,Tue,2024,Jan,4134.486,4145.495,-11.009,2.50%
Wed 31/01/24,Wed,2024,Jan,4110.044,4325.13,-215.086,4.85%
Thu 01/02/24,Thu,2024,Feb,4121.038,4167.542,-46.504,2.13%
Fri 02/02/24,Fri,2024,Feb,4179.338,3967.919,211.419,5.38%
Sat 03/02/24,Sat,2024,Feb,3445.896,3182.338,263.558,8.48%
Sun 04/02/24,Sun,2024,Feb,3125.596,2904.392,221.204,7.69%
Mon 05/02/24,Mon,2024,Feb,4303.888,4019.888,284,7.29%
Tue 06/02/24,Tue,2024,Feb,4317.838,4060.95,256.888,6.07%
Wed 07/02/24,Wed,2024,Feb,4657.138,4189.625,467.513,10.95%
Thu 08/02/24,Thu,2024,Feb,4647.238,4402.751,244.487,6.04%
Fri 09/02/24,Fri,2024,Feb,3947.988,4181.868,-233.88,5.35%
Sat 10/02/24,Sat,2024,Feb,3469.746,3278.517,191.229,5.58%
Sun 11/02/24,Sun,2024,Feb,3086.796,3009.089,77.707,3.06%
Mon 12/02/24,Mon,2024,Feb,4235.788,4025.603,210.185,4.95%
Tue 13/02/24,Tue,2024,Feb,4235.288,4188.149,47.139,1.88%
Wed 14/02/24,Wed,2024,Feb,4227.388,4068.719,158.669,4.62%
Thu 15/02/24,Thu,2024,Feb,4020.038,3863.611,156.427,5.87%
Fri 16/02/24,Fri,2024,Feb,3968.338,3695.083,273.255,6.88%
Sat 17/02/24,Sat,2024,Feb,3182.596,3087.029,95.567,3.00%
Sun 18/02/24,Sun,2024,Feb,2904.396,2833.68,70.716,2.74%
Mon 19/02/24,Mon,2024,Feb,4060.788,3840.657,220.131,5.55%
Tue 20/02/24,Tue,2024,Feb,4060.988,3956.781,104.207,2.47%
Wed 21/02/24,Wed,2024,Feb,4059.288,4078.251,-18.963,1.41%
Thu 22/02/24,Thu,2024,Feb,3998.788,4138.42,-139.632,3.37%
Fri 23/02/24,Fri,2024,Feb,3932.288,4063.709,-131.421,3.29%
Sat 24/02/24,Sat,2024,Feb,3326.796,3348.616,-21.82,2.01%
Sun 25/02/24,Sun,2024,Feb,2896.196,3084.386,-188.19,6.12%
Mon 26/02/24,Mon,2024,Feb,3998.588,4195.153,-196.565,4.26%
Tue 27/02/24,Tue,2024,Feb,3997.488,4278.819,-281.331,6.34%
Wed 28/02/24,Wed,2024,Feb,3929.438,4205.08,-275.642,5.99%
Thu 29/02/24,Thu,2024,Feb,3929.606,4104.014,-174.408,3.97%
Fri 01/03/24,Fri,2024,Mar,3995.082,4146.18,-151.098,3.50%
Sat 02/03/24,Sat,2024,Mar,3278.028,3438.655,-160.627,4.50%
Sun 03/03/24,Sun,2024,Mar,3008.928,3031.718,-22.79,2.74%
Mon 04/03/24,Mon,2024,Mar,3928.532,4105.057,-176.525,4.07%
Tue 05/03/24,Tue,2024,Mar,3930.182,4096.755,-166.573,3.93%
Wed 06/03/24,Wed,2024,Mar,4025.682,4098.371,-72.689,3.39%
Thu 07/03/24,Thu,2024,Mar,4025.682,4137.636,-111.954,3.03%
Fri 08/03/24,Fri,2024,Mar,4058.032,4005.537,52.495,1.81%
Sat 09/03/24,Sat,2024,Mar,3230.878,3246.212,-15.334,0.91%
Sun 10/03/24,Sun,2024,Mar,2919.628,3016.146,-96.518,3.28%
Mon 11/03/24,Mon,2024,Mar,4156.882,4177.552,-20.67,3.05%
Tue 12/03/24,Tue,2024,Mar,4156.832,4169.668,-12.836,0.99%
Wed 13/03/24,Wed,2024,Mar,4159.582,3997.166,162.416,3.63%
Thu 14/03/24,Thu,2024,Mar,3973.232,3936.898,36.334,2.30%
Fri 15/03/24,Fri,2024,Mar,3706.832,3729.304,-22.472,1.43%
Sat 16/03/24,Sat,2024,Mar,3296.828,3115.531,181.297,5.54%
Sun 17/03/24,Sun,2024,Mar,2884.128,2831.669,52.459,2.40%
Mon 18/03/24,Mon,2024,Mar,3973.182,3688.9,284.282,7.58%
Tue 19/03/24,Tue,2024,Mar,3973.232,3773.429,199.803,5.10%
Wed 20/03/24,Wed,2024,Mar,3979.632,3773.51,206.122,5.44%
Thu 21/03/24,Thu,2024,Mar,4119.132,3795.308,323.824,8.22%
Fri 22/03/24,Fri,2024,Mar,3885.132,3621.4,263.732,6.97%
Sat 23/03/24,Sat,2024,Mar,3342.178,3072.582,269.596,8.42%
Sun 24/03/24,Sun,2024,Mar,3015.728,2761.031,254.697,8.87%
Mon 25/03/24,Mon,2024,Mar,4119.382,3859.602,259.78,7.26%
Tue 26/03/24,Tue,2024,Mar,4119.132,3805.132,314,7.74%
Wed 27/03/24,Wed,2024,Mar,4119.132,3907.125,212.007,5.15%
Thu 28/03/24,Thu,2024,Mar,4107.332,3879.166,228.166,5.92%
Fri 29/03/24,Fri,2024,Mar,2990.732,2958.079,32.653,4.06%
Sat 30/03/24,Sat,2024,Mar,3115.228,2849.337,265.891,9.03%
Sun 31/03/24,Sun,2024,Mar,2724.768,2327.081,397.687,16.96%
Mon 01/04/24,Mon,2024,Apr,3041.488,2793.265,248.223,9.00%
Tue 02/04/24,Tue,2024,Apr,3997.488,3702.58,294.908,8.24%
Wed 03/04/24,Wed,2024,Apr,3983.488,3742.537,240.951,6.41%
Thu 04/04/24,Thu,2024,Apr,3978.988,3736.96,242.028,6.31%
Fri 05/04/24,Fri,2024,Apr,3542.488,3434.83,107.658,3.20%
Sat 06/04/24,Sat,2024,Apr,2959.466,2652.303,307.163,11.82%
Sun 07/04/24,Sun,2024,Apr,2831.916,2475.121,356.795,14.28%
Mon 08/04/24,Mon,2024,Apr,3757.788,3511.178,246.61,7.31%
Tue 09/04/24,Tue,2024,Apr,3761.138,3628.03,133.108,4.51%
Wed 10/04/24,Wed,2024,Apr,3840.788,3728.31,112.478,3.69%
Thu 11/04/24,Thu,2024,Apr,3522.738,3497.604,25.134,3.15%
Fri 12/04/24,Fri,2024,Apr,3454.888,3244.681,210.207,6.39%
Sat 13/04/24,Sat,2024,Apr,2980.116,2631.764,348.352,13.40%
Sun 14/04/24,Sun,2024,Apr,2761.016,2455.044,305.972,12.57%
Mon 15/04/24,Mon,2024,Apr,3702.788,3612.776,90.012,4.53%
Tue 16/04/24,Tue,2024,Apr,3702.438,3680.492,21.946,3.05%
Wed 17/04/24,Wed,2024,Apr,3696.038,3701.927,-5.889,2.70%
Thu 18/04/24,Thu,2024,Apr,3627.838,3720.761,-92.923,3.85%
Fri 19/04/24,Fri,2024,Apr,3434.438,3588.699,-154.261,3.80%
Sat 20/04/24,Sat,2024,Apr,2750.516,2888.332,-137.816,4.77%
Sun 21/04/24,Sun,2024,Apr,2474.716,2599.319,-124.603,5.07%
Mon 22/04/24,Mon,2024,Apr,3628.038,3723.651,-95.613,4.75%
Tue 23/04/24,Tue,2024,Apr,3627.838,3711.914,-84.076,2.61%
Wed 24/04/24,Wed,2024,Apr,3627.288,3669.387,-42.099,2.19%
Thu 25/04/24,Thu,2024,Apr,3680.488,3775.718,-95.23,2.39%
Fri 26/04/24,Fri,2024,Apr,3479.188,3535.326,-56.138,3.01%
Sat 27/04/24,Sat,2024,Apr,2631.516,2963.486,-331.97,10.54%
Sun 28/04/24,Sun,2024,Apr,2454.716,2651.21,-196.494,7.12%
Mon 29/04/24,Mon,2024,Apr,3680.938,3530.498,150.44,4.90%
Tue 30/04/24,Tue,2024,Apr,3678.97,3417.787,261.183,7.16%
Wed 01/05/24,Wed,2024,May,3497.064,3437.879,59.185,3.02%
Thu 02/05/24,Thu,2024,May,3496.714,3438.675,58.039,3.41%
Fri 03/05/24,Fri,2024,May,3243.814,3401.426,-157.612,5.51%
Sat 04/05/24,Sat,2024,May,2656.434,2666.43,-9.996,1.38%
Sun 05/05/24,Sun,2024,May,2520.884,2371.008,149.876,6.35%
Mon 06/05/24,Mon,2024,May,2520.164,2547.17,-27.006,5.15%
Tue 07/05/24,Tue,2024,May,3497.364,3263.842,233.522,8.24%
Wed 08/05/24,Wed,2024,May,3496.714,3261.883,234.831,7.36%
Thu 09/05/24,Thu,2024,May,3496.714,3204.505,292.209,9.24%
Fri 10/05/24,Fri,2024,May,3241.514,3040.859,200.655,6.89%
Sat 11/05/24,Sat,2024,May,2598.734,2394.884,203.85,8.48%
Sun 12/05/24,Sun,2024,May,2442.584,2174.269,268.315,12.49%
Mon 13/05/24,Mon,2024,May,3314.714,3167.429,147.285,7.06%
Tue 14/05/24,Tue,2024,May,3314.414,3287.071,27.343,4.73%
Wed 15/05/24,Wed,2024,May,3314.414,3242.158,72.256,3.93%
Thu 16/05/24,Thu,2024,May,3313.464,3324.651,-11.187,5.13%
Fri 17/05/24,Fri,2024,May,3264.664,3093.463,171.201,4.79%
Sat 18/05/24,Sat,2024,May,2585.534,2479.208,106.326,4.56%
Sun 19/05/24,Sun,2024,May,2370.284,2197.454,172.83,7.93%
Mon 20/05/24,Mon,2024,May,3262.864,3111.173,151.691,5.49%
Tue 21/05/24,Tue,2024,May,3262.914,3279.034,-16.12,2.40%
Wed 22/05/24,Wed,2024,May,3254.714,3434.633,-179.919,4.66%
Thu 23/05/24,Thu,2024,May,3226.564,3375.855,-149.291,4.72%
Fri 24/05/24,Fri,2024,May,3220.314,3191.002,29.312,1.15%
Sat 25/05/24,Sat,2024,May,2529.834,2453.554,76.28,3.24%
Sun 26/05/24,Sun,2024,May,2271.684,2238.119,33.565,2.65%
Mon 27/05/24,Mon,2024,May,2270.964,2327.393,-56.429,4.13%
Tue 28/05/24,Tue,2024,May,3226.464,3205.302,21.162,3.53%
Wed 29/05/24,Wed,2024,May,3226.564,3142.627,83.937,3.60%
Thu 30/05/24,Thu,2024,May,3226.914,3217.861,9.053,1.60%
Fri 31/05/24,Fri,2024,May,3092.504,3110.482,-17.978,2.34%
Sat 01/06/24,Sat,2024,Jun,2479.594,2497.117,-17.523,1.60%
Sun 02/06/24,Sun,2024,Jun,2197.844,2205.941,-8.097,1.51%
Mon 03/06/24,Mon,2024,Jun,3186.476,3115.177,71.299,4.20%
Tue 04/06/24,Tue,2024,Jun,3188.476,3213.917,-25.441,2.70%
Wed 05/06/24,Wed,2024,Jun,3376.076,3137.623,238.453,7.22%
Thu 06/06/24,Thu,2024,Jun,3376.076,3165.499,210.577,6.34%
Fri 07/06/24,Fri,2024,Jun,3190.526,3064.614,125.912,3.92%
Sat 08/06/24,Sat,2024,Jun,2453.694,2451.636,2.058,2.04%
Sun 09/06/24,Sun,2024,Jun,2238.044,2278.48,-40.436,2.42%
Mon 10/06/24,Mon,2024,Jun,3376.526,3116.866,259.66,8.98%
Tue 11/06/24,Tue,2024,Jun,3376.076,3240.658,135.418,4.16%
Wed 12/06/24,Wed,2024,Jun,3366.376,3266.565,99.811,3.68%
Thu 13/06/24,Thu,2024,Jun,3169.226,3317.84,-148.614,4.84%
Fri 14/06/24,Fri,2024,Jun,3153.976,3071.574,82.402,9.29%
Sat 15/06/24,Sat,2024,Jun,2496.994,2499.166,-2.172,1.92%
Sun 16/06/24,Sun,2024,Jun,2221.844,2178.908,42.936,2.32%
Mon 17/06/24,Mon,2024,Jun,3164.326,3168.047,-3.721,2.47%
Tue 18/06/24,Tue,2024,Jun,3164.276,3152.484,11.792,1.33%
Wed 19/06/24,Wed,2024,Jun,3164.276,3072.154,92.122,3.17%
Thu 20/06/24,Thu,2024,Jun,3160.476,3138.136,22.34,3.26%
Fri 21/06/24,Fri,2024,Jun,3094.626,2996.07,98.556,3.92%
Sat 22/06/24,Sat,2024,Jun,2446.944,2438.458,8.486,1.54%
Sun 23/06/24,Sun,2024,Jun,2203.144,2191.343,11.801,2.99%
Mon 24/06/24,Mon,2024,Jun,3002.876,3136.967,-134.091,3.65%
Tue 25/06/24,Tue,2024,Jun,3270.876,3257.246,13.63,1.87%
Wed 26/06/24,Wed,2024,Jun,3265.576,3260.325,5.251,3.64%
Thu 27/06/24,Thu,2024,Jun,3160.176,3271.168,-110.992,3.72%
Fri 28/06/24,Fri,2024,Jun,3067.876,3097.406,-29.53,1.52%
Sat 29/06/24,Sat,2024,Jun,2467.544,2414.713,52.831,3.49%
Sun 30/06/24,Sun,2024,Jun,2178.992,2232.658,-53.666,3.84%
Mon 01/07/24,Mon,2024,Jul,3160.368,3128.488,31.88,3.77%
Tue 02/07/24,Tue,2024,Jul,3159.868,3204.728,-44.86,1.52%
Wed 03/07/24,Wed,2024,Jul,3156.168,3225.557,-69.389,2.18%
Thu 04/07/24,Thu,2024,Jul,3159.868,3127.392,32.476,1.82%
Fri 05/07/24,Fri,2024,Jul,3085.318,3064.836,20.482,1.76%
Sat 06/07/24,Sat,2024,Jul,2473.596,2496.372,-22.776,1.37%
Sun 07/07/24,Sun,2024,Jul,2178.496,2275.762,-97.266,4.07%
Mon 08/07/24,Mon,2024,Jul,3160.168,3085.81,74.358,2.93%
Tue 09/07/24,Tue,2024,Jul,3159.868,3291.779,-131.911,3.51%
Wed 10/07/24,Wed,2024,Jul,3159.868,3251.866,-91.998,2.89%
Thu 11/07/24,Thu,2024,Jul,3162.968,3209.857,-46.889,2.00%
Fri 12/07/24,Fri,2024,Jul,3097.318,3106.445,-9.127,2.68%
Sat 13/07/24,Sat,2024,Jul,2426.446,2506.238,-79.792,3.16%
Sun 14/07/24,Sun,2024,Jul,2223.196,2249.091,-25.895,2.43%
Mon 15/07/24,Mon,2024,Jul,3271.068,3074.713,196.355,7.93%
Tue 16/07/24,Tue,2024,Jul,3270.868,3191.87,78.998,3.81%
Wed 17/07/24,Wed,2024,Jul,3264.818,3098.671,166.147,5.47%
Thu 18/07/24,Thu,2024,Jul,3234.218,3191.608,42.61,2.66%
Fri 19/07/24,Fri,2024,Jul,3145.768,3036.022,109.746,3.48%
Sat 20/07/24,Sat,2024,Jul,2516.346,2524.102,-7.756,2.58%
Sun 21/07/24,Sun,2024,Jul,2244.896,2224.679,20.217,1.72%
Mon 22/07/24,Mon,2024,Jul,3197.418,3082.689,114.729,4.84%
Tue 23/07/24,Tue,2024,Jul,3197.168,3084.58,112.588,3.54%
Wed 24/07/24,Wed,2024,Jul,3197.168,3127.975,69.193,3.24%
Thu 25/07/24,Thu,2024,Jul,3198.418,3168.126,30.292,2.81%
Fri 26/07/24,Fri,2024,Jul,3053.668,2902.154,151.514,5.00%
Sat 27/07/24,Sat,2024,Jul,2463.446,2367.974,95.472,4.16%
Sun 28/07/24,Sun,2024,Jul,2244.996,2138.454,106.542,4.82%
Mon 29/07/24,Mon,2024,Jul,3289.768,2989.354,300.414,9.58%
Tue 30/07/24,Tue,2024,Jul,3191.218,3140.414,50.804,1.91%
Wed 31/07/24,Wed,2024,Jul,3191.252,3160.956,30.296,1.36%
Thu 01/08/24,Thu,2024,Aug,3187.422,3165.44,21.982,1.44%
Fri 02/08/24,Fri,2024,Aug,3035.822,3031.878,3.944,1.11%
Sat 03/08/24,Sat,2024,Aug,2515.112,2414.309,100.803,4.04%
Sun 04/08/24,Sun,2024,Aug,2224.512,2156.546,67.966,3.31%
Mon 05/08/24,Mon,2024,Aug,3121.672,3035.369,86.303,4.29%
Tue 06/08/24,Tue,2024,Aug,3121.572,3075.697,45.875,1.96%
Wed 07/08/24,Wed,2024,Aug,3121.572,3057.729,63.843,2.04%
Thu 08/08/24,Thu,2024,Aug,3119.322,3107.414,11.908,2.57%
Fri 09/08/24,Fri,2024,Aug,2968.472,2895.349,73.123,2.57%
Sat 10/08/24,Sat,2024,Aug,2445.912,2417.619,28.293,1.88%
Sun 11/08/24,Sun,2024,Aug,2138.312,2158.369,-20.057,1.49%
Mon 12/08/24,Mon,2024,Aug,2984.822,3160.049,-175.227,4.97%
Tue 13/08/24,Tue,2024,Aug,3126.472,3071.364,55.108,2.26%
Wed 14/08/24,Wed,2024,Aug,3126.472,3064.745,61.727,1.94%
Thu 15/08/24,Thu,2024,Aug,3125.372,3107.006,18.366,1.73%
Fri 16/08/24,Fri,2024,Aug,2902.122,2826.3,75.822,2.70%
Sat 17/08/24,Sat,2024,Aug,2390.862,2350.173,40.689,2.50%
Sun 18/08/24,Sun,2024,Aug,2147.412,2111.061,36.351,2.43%
Mon 19/08/24,Mon,2024,Aug,3066.372,3020.95,45.422,3.51%
Tue 20/08/24,Tue,2024,Aug,3066.522,3025.696,40.826,1.80%
Wed 21/08/24,Wed,2024,Aug,3066.522,3016.178,50.344,2.32%
Thu 22/08/24,Thu,2024,Aug,3065.722,3186.418,-120.696,5.37%
Fri 23/08/24,Fri,2024,Aug,2946.872,2881.095,65.777,2.52%
Sat 24/08/24,Sat,2024,Aug,2405.562,2356.715,48.847,2.64%
Sun 25/08/24,Sun,2024,Aug,2290.812,2127.522,163.29,7.72%
Mon 26/08/24,Mon,2024,Aug,2251.272,2270.088,-18.816,4.80%
Tue 27/08/24,Tue,2024,Aug,2951.372,3083.904,-132.532,11.51%
Wed 28/08/24,Wed,2024,Aug,3100.572,3138.539,-37.967,1.25%
Thu 29/08/24,Thu,2024,Aug,3098.772,3038.581,60.191,2.38%
Fri 30/08/24,Fri,2024,Aug,2826.322,2889.17,-62.848,2.65%
Sat 31/08/24,Sat,2024,Aug,2350.31,2345.583,4.727,1.45%
Sun 01/09/24,Sun,2024,Sep,2181.564,2227.027,-45.463,4.32%
Mon 02/09/24,Mon,2024,Sep,3066.696,3096.135,-29.439,5.49%
Tue 03/09/24,Tue,2024,Sep,3065.296,3099.779,-34.483,2.02%
Wed 04/09/24,Wed,2024,Sep,3065.296,3105.531,-40.235,2.45%
Thu 05/09/24,Thu,2024,Sep,3065.396,3231.1,-165.704,4.81%
Fri 06/09/24,Fri,2024,Sep,3034.746,3007.032,27.714,3.95%
Sat 07/09/24,Sat,2024,Sep,2463.814,2397.324,66.49,3.72%
Sun 08/09/24,Sun,2024,Sep,2204.964,2163.207,41.757,3.28%
Mon 09/09/24,Mon,2024,Sep,3023.696,3055.735,-32.039,3.72%
Tue 10/09/24,Tue,2024,Sep,3175.146,3206.826,-31.68,3.23%
Wed 11/09/24,Wed,2024,Sep,3175.146,3167.347,7.799,1.97%
Thu 12/09/24,Thu,2024,Sep,3172.296,3256.005,-83.709,2.93%
Fri 13/09/24,Fri,2024,Sep,3018.646,3095.86,-77.214,2.87%
Sat 14/09/24,Sat,2024,Sep,2356.664,2375.803,-19.139,3.15%
Sun 15/09/24,Sun,2024,Sep,2127.464,2215.935,-88.471,3.95%
Mon 16/09/24,Mon,2024,Sep,3092.796,3066.812,25.984,3.06%
Tue 17/09/24,Tue,2024,Sep,3092.696,3133.121,-40.425,3.47%
Wed 18/09/24,Wed,2024,Sep,3089.396,3149.984,-60.588,3.15%
Thu 19/09/24,Thu,2024,Sep,3092.696,3170.275,-77.579,3.42%
Fri 20/09/24,Fri,2024,Sep,2950.896,3065.55,-114.654,4.17%
Sat 21/09/24,Sat,2024,Sep,2371.464,2450.815,-79.351,3.52%
Sun 22/09/24,Sun,2024,Sep,2162.664,2302.183,-139.519,5.99%
Mon 23/09/24,Mon,2024,Sep,3091.146,3264.795,-173.649,4.77%
Tue 24/09/24,Tue,2024,Sep,3206.446,3308.014,-101.568,2.88%
Wed 25/09/24,Wed,2024,Sep,3206.446,3375.776,-169.33,4.85%
Thu 26/09/24,Thu,2024,Sep,3208.696,3381.364,-172.668,5.11%
Fri 27/09/24,Fri,2024,Sep,3094.996,3306.844,-211.848,5.83%
Sat 28/09/24,Sat,2024,Sep,2470.664,2597.703,-127.039,4.71%
Sun 29/09/24,Sun,2024,Sep,2304.364,2393.322,-88.958,3.66%
Mon 30/09/24,Mon,2024,Sep,3209.69,3475.812,-266.122,6.60%
Tue 01/10/24,Tue,2024,Oct,3212.496,3728.36,-515.864,12.83%
Wed 02/10/24,Wed,2024,Oct,3209.196,3659.378,-450.182,12.01%
Thu 03/10/24,Thu,2024,Oct,3209.646,3596.056,-386.41,10.64%
Fri 04/10/24,Fri,2024,Oct,3095.246,3437.314,-342.068,9.73%
Sat 05/10/24,Sat,2024,Oct,2375.37,2682.079,-306.709,11.41%
Sun 06/10/24,Sun,2024,Oct,2258.42,2536.561,-278.141,10.88%
Mon 07/10/24,Mon,2024,Oct,3315.446,3448.629,-133.183,3.80%
Tue 08/10/24,Tue,2024,Oct,3315.346,3598.25,-282.904,7.87%
Wed 09/10/24,Wed,2024,Oct,3332.096,3650.127,-318.031,9.37%
Thu 10/10/24,Thu,2024,Oct,3988.746,3740.656,248.09,6.01%
Fri 11/10/24,Fri,2024,Oct,3735.996,3599.198,136.798,3.85%
Sat 12/10/24,Sat,2024,Oct,2857.12,2846.765,10.355,1.90%
Sun 13/10/24,Sun,2024,Oct,2751.82,2633.663,118.157,4.52%
Mon 14/10/24,Mon,2024,Oct,3727.896,4127.613,-399.717,10.97%
Tue 15/10/24,Tue,2024,Oct,3727.646,3858.947,-131.301,3.51%
Wed 16/10/24,Wed,2024,Oct,3722.046,3827.085,-105.039,3.23%
Thu 17/10/24,Thu,2024,Oct,3447.946,3630.147,-182.201,5.76%
Fri 18/10/24,Fri,2024,Oct,3436.696,3522.353,-85.657,2.21%
Sat 19/10/24,Sat,2024,Oct,2681.72,2769.968,-88.248,3.11%
Sun 20/10/24,Sun,2024,Oct,2536.12,2596.571,-60.451,3.11%
Mon 21/10/24,Mon,2024,Oct,3450.346,3677.02,-226.674,5.88%
Tue 22/10/24,Tue,2024,Oct,3623.496,3670.796,-47.3,3.03%
Wed 23/10/24,Wed,2024,Oct,3623.496,3657.736,-34.24,2.56%
Thu 24/10/24,Thu,2024,Oct,3624.046,3695.058,-71.012,2.99%
Fri 25/10/24,Fri,2024,Oct,3374.746,3511.714,-136.968,3.69%
Sat 26/10/24,Sat,2024,Oct,2763.77,2748.998,14.772,1.11%
Sun 27/10/24,Sun,2024,Oct,2686.6,2590.625,95.975,4.69%
Mon 28/10/24,Mon,2024,Oct,3992.996,3501.981,491.015,15.12%
Tue 29/10/24,Tue,2024,Oct,3977.846,3577.354,400.492,11.41%
Wed 30/10/24,Wed,2024,Oct,3653.196,3625.31,27.886,2.58%
Thu 31/10/24,Thu,2024,Oct,3653.116,3562.603,90.513,3.77%
Fri 01/11/24,Fri,2024,Nov,3520.414,3498.967,21.447,4.05%
Sat 02/11/24,Sat,2024,Nov,2769.85,2843.051,-73.201,3.80%
Sun 03/11/24,Sun,2024,Nov,2562,2627.378,-65.378,2.66%
Mon 04/11/24,Mon,2024,Nov,3650.764,3501.252,149.512,6.52%
Tue 05/11/24,Tue,2024,Nov,3668.364,3620.395,47.969,3.72%
Wed 06/11/24,Wed,2024,Nov,3668.364,3602.041,66.323,3.89%
Thu 07/11/24,Thu,2024,Nov,3672.164,3690.985,-18.821,3.67%
Fri 08/11/24,Fri,2024,Nov,3686.264,3539.427,146.837,7.33%
Sat 09/11/24,Sat,2024,Nov,2941.9,2756.247,185.653,7.68%
Sun 10/11/24,Sun,2024,Nov,2498.7,2458.541,40.159,4.69%
Mon 11/11/24,Mon,2024,Nov,3678.164,3795.783,-117.619,3.29%
Tue 12/11/24,Tue,2024,Nov,3781.114,3937.281,-156.167,3.79%
Wed 13/11/24,Wed,2024,Nov,3781.114,3915.709,-134.595,3.28%
Thu 14/11/24,Thu,2024,Nov,3782.014,3879.918,-97.904,2.57%
Fri 15/11/24,Fri,2024,Nov,3686.264,3766.119,-79.855,3.28%
Sat 16/11/24,Sat,2024,Nov,2941.9,2995.35,-53.45,2.94%
Sun 17/11/24,Sun,2024,Nov,2699.6,2783.304,-83.704,3.36%
Mon 18/11/24,Mon,2024,Nov,3952.164,4054.579,-102.415,3.28%
Tue 19/11/24,Tue,2024,Nov,3952.014,4373.898,-421.884,9.67%
Wed 20/11/24,Wed,2024,Nov,3952.014,4457.55,-505.536,12.10%
Thu 21/11/24,Thu,2024,Nov,3951.564,4570.393,-618.829,14.06%
Fri 22/11/24,Fri,2024,Nov,3857.614,4255.357,-397.743,10.20%
Sat 23/11/24,Sat,2024,Nov,2756.4,3305.92,-549.52,16.51%
Sun 24/11/24,Sun,2024,Nov,2563.1,2736.244,-173.144,6.27%
Mon 25/11/24,Mon,2024,Nov,3870.514,3872.495,-1.981,2.36%
Tue 26/11/24,Tue,2024,Nov,4059.514,4137.5,-77.986,2.43%
Wed 27/11/24,Wed,2024,Nov,4059.514,4278.851,-219.337,4.88%
Thu 28/11/24,Thu,2024,Nov,4052.714,4398.531,-345.817,7.96%
Fri 29/11/24,Fri,2024,Nov,3652.364,4056.359,-403.995,10.43%
Sat 30/11/24,Sat,2024,Nov,2854.098,3049.618,-195.52,6.74%
Sun 01/12/24,Sun,2024,Dec,2545.252,2722.559,-177.307,6.53%
Mon 02/12/24,Mon,2024,Dec,3868.424,3973.474,-105.05,3.48%
Tue 03/12/24,Tue,2024,Dec,3966.374,4232.461,-266.087,6.34%
Wed 04/12/24,Wed,2024,Dec,3966.374,4272.716,-306.342,7.01%
Thu 05/12/24,Thu,2024,Dec,3966.374,4046.027,-79.653,2.51%
Fri 06/12/24,Fri,2024,Dec,3656.374,4039.961,-383.587,9.69%
Sat 07/12/24,Sat,2024,Dec,2991.652,3273.245,-281.593,8.43%
Sun 08/12/24,Sun,2024,Dec,2782.552,3020.775,-238.223,7.74%
Mon 09/12/24,Mon,2024,Dec,4141.724,4322.006,-180.282,4.71%
Tue 10/12/24,Tue,2024,Dec,4136.724,4474.425,-337.701,6.79%
Wed 11/12/24,Wed,2024,Dec,4136.724,4479.069,-342.345,6.92%
Thu 12/12/24,Thu,2024,Dec,4135.824,4403.339,-267.515,5.34%
Fri 13/12/24,Fri,2024,Dec,3926.324,4198.278,-271.954,6.45%
Sat 14/12/24,Sat,2024,Dec,3177.102,3245.588,-68.486,2.67%
Sun 15/12/24,Sun,2024,Dec,2738.452,2889.365,-150.913,5.32%
Mon 16/12/24,Mon,2024,Dec,4491.324,4041.2,450.124,11.26%
Tue 17/12/24,Tue,2024,Dec,4247.474,4178.903,68.571,1.90%
Wed 18/12/24,Wed,2024,Dec,4249.324,4014.006,235.318,5.72%
Thu 19/12/24,Thu,2024,Dec,4450.774,4144.395,306.379,6.59%
Fri 20/12/24,Fri,2024,Dec,4249.774,4011.079,238.695,5.83%
Sat 21/12/24,Sat,2024,Dec,3272.602,3123.737,148.865,4.62%
Sun 22/12/24,Sun,2024,Dec,3010.952,2903.666,107.286,4.00%
Mon 23/12/24,Mon,2024,Dec,3809.174,3600.699,208.475,11.05%
Tue 24/12/24,Tue,2024,Dec,3526.324,3209.502,316.822,9.93%
Wed 25/12/24,Wed,2024,Dec,2452.974,2512.344,-59.37,2.77%
Thu 26/12/24,Thu,2024,Dec,2525.524,2622.419,-96.895,4.74%
Fri 27/12/24,Fri,2024,Dec,3096.174,3160.579,-64.405,5.69%
Sat 28/12/24,Sat,2024,Dec,3068.902,3068.374,0.528,2.86%
Sun 29/12/24,Sun,2024,Dec,2835.152,2764.139,71.013,3.68%
Mon 30/12/24,Mon,2024,Dec,3492.524,3191.579,300.945,8.82%
Tue 31/12/24,Tue,2024,Dec,3834.392,3144.353,690.039,20.99%
Wed 01/01/25,Wed,2025,Jan,2661.488,2713.44,-51.952,3.00%
Thu 02/01/25,Thu,2025,Jan,3979.088,3997.606,-18.518,5.23%
Fri 03/01/25,Fri,2025,Jan,3996.538,4164.89,-168.352,7.35%
Sat 04/01/25,Sat,2025,Jan,3236.734,3510.694,-273.96,8.06%
Sun 05/01/25,Sun,2025,Jan,2995.484,3119.853,-124.369,4.53%
Mon 06/01/25,Mon,2025,Jan,4455.638,4425.16,30.478,2.78%
Tue 07/01/25,Tue,2025,Jan,4476.238,4665.214,-188.976,3.83%
Wed 08/01/25,Wed,2025,Jan,4476.238,4883.762,-407.524,7.37%
Thu 09/01/25,Thu,2025,Jan,4490.588,4841.745,-351.157,7.48%
Fri 10/01/25,Fri,2025,Jan,4822.538,4810.803,11.735,2.18%
Sat 11/01/25,Sat,2025,Jan,3894.834,3819.218,75.616,2.68%
Sun 12/01/25,Sun,2025,Jan,3381.784,3378.761,3.023,2.04%
Mon 13/01/25,Mon,2025,Jan,4772.438,4655.72,116.718,3.48%
Tue 14/01/25,Tue,2025,Jan,4772.038,4429.447,342.591,7.34%
Wed 15/01/25,Wed,2025,Jan,4773.838,4347.543,426.295,9.27%
Thu 16/01/25,Thu,2025,Jan,4772.038,4464.303,307.735,6.55%
Fri 17/01/25,Fri,2025,Jan,4394.788,4271.43,123.358,2.77%
Sat 18/01/25,Sat,2025,Jan,3489.434,3391.914,97.52,3.21%
Sun 19/01/25,Sun,2025,Jan,3307.284,3224.742,82.542,3.19%
Mon 20/01/25,Mon,2025,Jan,4757.988,4574.89,183.098,4.99%
Tue 21/01/25,Tue,2025,Jan,4421.438,4558.958,-137.52,3.86%
Wed 22/01/25,Wed,2025,Jan,4646.638,4588.488,58.15,3.87%
Thu 23/01/25,Thu,2025,Jan,4644.338,4573.269,71.069,4.35%
Fri 24/01/25,Fri,2025,Jan,4394.788,4201.733,193.055,4.13%
Sat 25/01/25,Sat,2025,Jan,3522.534,3356.492,166.042,4.69%
Sun 26/01/25,Sun,2025,Jan,3119.984,3156.753,-36.769,2.35%
Mon 27/01/25,Mon,2025,Jan,4594.738,4406.821,187.917,4.85%
Tue 28/01/25,Tue,2025,Jan,4494.438,4399.627,94.811,2.21%
Wed 29/01/25,Wed,2025,Jan,4494.438,4427.711,66.727,1.35%
Thu 30/01/25,Thu,2025,Jan,4497.588,4405.675,91.913,2.10%
Fri 31/01/25,Fri,2025,Jan,4271.748,4340.068,-68.32,1.65%
Sat 01/02/25,Sat,2025,Feb,3518.224,3394.876,123.348,3.72%
Sun 02/02/25,Sun,2025,Feb,3211.124,3024.723,186.401,6.01%
Mon 03/02/25,Mon,2025,Feb,4580.05,4260.507,319.543,7.55%
Tue 04/02/25,Tue,2025,Feb,4573.25,4295.523,277.727,6.08%
Wed 05/02/25,Wed,2025,Feb,4573.25,4410.577,162.673,3.27%
Thu 06/02/25,Thu,2025,Feb,4584.4,4456.009,128.391,3.52%
Fri 07/02/25,Fri,2025,Feb,4485.1,4548.88,-63.78,1.62%
Sat 08/02/25,Sat,2025,Feb,3374.124,3629.477,-255.353,6.60%
Sun 09/02/25,Sun,2025,Feb,3305.724,3217.591,88.133,2.71%
Mon 10/02/25,Mon,2025,Feb,4894.5,4715.854,178.646,4.76%
Tue 11/02/25,Tue,2025,Feb,4893.9,4752.267,141.633,3.26%
Wed 12/02/25,Wed,2025,Feb,4893.9,4670.581,223.319,4.72%
Thu 13/02/25,Thu,2025,Feb,4895.55,4698.249,197.301,4.11%
Fri 14/02/25,Fri,2025,Feb,4577.1,4450.811,126.289,2.44%
Sat 15/02/25,Sat,2025,Feb,3404.374,3582.228,-177.854,4.81%
Sun 16/02/25,Sun,2025,Feb,3314.924,3187.822,127.102,3.87%
Mon 17/02/25,Mon,2025,Feb,4539.65,4450.23,89.42,2.49%
Tue 18/02/25,Tue,2025,Feb,4355.8,4427.705,-71.905,3.09%
Wed 19/02/25,Wed,2025,Feb,4355.8,4439.126,-83.326,2.60%
Thu 20/02/25,Thu,2025,Feb,4348.8,4098.183,250.617,5.81%
Fri 21/02/25,Fri,2025,Feb,3753.4,3823.803,-70.403,2.46%
Sat 22/02/25,Sat,2025,Feb,3055.374,2999.465,55.909,4.29%
Sun 23/02/25,Sun,2025,Feb,2912.724,2874.618,38.106,2.38%
Mon 24/02/25,Mon,2025,Feb,4224.95,3951.365,273.585,6.89%
Tue 25/02/25,Tue,2025,Feb,4277.85,4036.739,241.111,4.79%
Wed 26/02/25,Wed,2025,Feb,4277.85,4276.595,1.255,1.57%
Thu 27/02/25,Thu,2025,Feb,4290.5,4190.468,100.032,4.74%
Fri 28/02/25,Fri,2025,Feb,4385.548,4073.447,312.101,6.45%
Sat 01/03/25,Sat,2025,Mar,3471.776,3198.275,273.501,8.13%
Sun 02/03/25,Sun,2025,Mar,3219.376,2905.386,313.99,10.35%
Mon 03/03/25,Mon,2025,Mar,4442.462,4074.56,367.902,8.84%
Tue 04/03/25,Tue,2025,Mar,4438.762,4120.807,317.955,6.85%
Wed 05/03/25,Wed,2025,Mar,4430.712,4075.708,355.004,7.97%
Thu 06/03/25,Thu,2025,Mar,3951.262,3949.314,1.948,4.53%
Fri 07/03/25,Fri,2025,Mar,3823.512,3734.09,89.422,2.57%
Sat 08/03/25,Sat,2025,Mar,2999.476,2838.804,160.672,5.34%
Sun 09/03/25,Sun,2025,Mar,2874.476,2638.156,236.32,8.73%
Mon 10/03/25,Mon,2025,Mar,3957.512,3847.479,110.033,3.69%
Tue 11/03/25,Tue,2025,Mar,4036.512,4039.781,-3.269,1.07%
Wed 12/03/25,Wed,2025,Mar,4036.512,4113.428,-76.916,1.90%
Thu 13/03/25,Thu,2025,Mar,4049.762,4226.054,-176.292,4.55%
Fri 14/03/25,Fri,2025,Mar,4073.212,4065.482,7.73,1.73%
Sat 15/03/25,Sat,2025,Mar,3198.176,3241.214,-43.038,1.90%
Sun 16/03/25,Sun,2025,Mar,2992.476,3019.103,-26.627,1.89%
Mon 17/03/25,Mon,2025,Mar,4096.262,4282.658,-186.396,5.83%
Tue 18/03/25,Tue,2025,Mar,4090.112,4054.444,35.668,3.58%
Wed 19/03/25,Wed,2025,Mar,4088.162,4025.104,63.058,2.84%
Thu 20/03/25,Thu,2025,Mar,3898.162,3736.265,161.897,6.11%
Fri 21/03/25,Fri,2025,Mar,3733.562,3580.858,152.704,3.99%
Sat 22/03/25,Sat,2025,Mar,2838.626,2873.225,-34.599,2.72%
Sun 23/03/25,Sun,2025,Mar,2637.776,2723.674,-85.898,5.09%
Mon 24/03/25,Mon,2025,Mar,3898.012,3782.868,115.144,3.72%
Tue 25/03/25,Tue,2025,Mar,3908.912,3925.093,-16.181,2.44%
Wed 26/03/25,Wed,2025,Mar,3949.162,3786.777,162.385,4.09%
Thu 27/03/25,Thu,2025,Mar,3949.162,3709.618,239.544,6.30%
Fri 28/03/25,Fri,2025,Mar,3904.062,3531.692,372.37,9.85%
Sat 29/03/25,Sat,2025,Mar,3039.976,2903.035,136.941,4.59%
Sun 30/03/25,Sun,2025,Mar,2532.152,2263.334,268.818,11.97%
Mon 31/03/25,Mon,2025,Mar,3753.082,3404.967,348.115,11.30%
Tue 01/04/25,Tue,2025,Apr,3903.692,3706.853,196.839,6.58%
Wed 02/04/25,Wed,2025,Apr,3996.792,3774.11,222.682,6.38%
Thu 03/04/25,Thu,2025,Apr,3996.792,3782.602,214.19,6.10%
Fri 04/04/25,Fri,2025,Apr,3580.492,3530.507,49.985,3.72%
Sat 05/04/25,Sat,2025,Apr,2872.906,2723.6,149.306,8.96%
Sun 06/04/25,Sun,2025,Apr,2685.056,2643.367,41.689,3.94%
Mon 07/04/25,Mon,2025,Apr,3997.092,3654.828,342.264,10.02%
Tue 08/04/25,Tue,2025,Apr,3996.792,3731.294,265.498,7.37%
Wed 09/04/25,Wed,2025,Apr,3993.442,3780.003,213.439,6.57%
Thu 10/04/25,Thu,2025,Apr,3663.742,3759.033,-95.291,3.03%
Fri 11/04/25,Fri,2025,Apr,3555.842,3475.367,80.475,3.03%
Sat 12/04/25,Sat,2025,Apr,2872.906,2738.848,134.058,6.81%
Sun 13/04/25,Sun,2025,Apr,2697.256,2592.293,104.963,5.09%
Mon 14/04/25,Mon,2025,Apr,3670.192,3661.627,8.565,4.01%
Tue 15/04/25,Tue,2025,Apr,3778.042,3854.492,-76.45,5.81%
Wed 16/04/25,Wed,2025,Apr,3778.042,3833.857,-55.815,5.55%
Thu 17/04/25,Thu,2025,Apr,3776.392,3681.159,95.233,4.72%
Fri 18/04/25,Fri,2025,Apr,2916.292,2960.335,-44.043,5.44%
Sat 19/04/25,Sat,2025,Apr,2464.456,2827.326,-362.87,12.30%
Sun 20/04/25,Sun,2025,Apr,2295.156,2557.478,-262.322,10.22%
Mon 21/04/25,Mon,2025,Apr,2849.092,2882.473,-33.381,5.14%
Tue 22/04/25,Tue,2025,Apr,3778.142,3706.374,71.768,5.04%
Wed 23/04/25,Wed,2025,Apr,3778.042,3842.918,-64.876,5.44%
Thu 24/04/25,Thu,2025,Apr,3776.392,3850.71,-74.318,5.66%
Fri 25/04/25,Fri,2025,Apr,3502.492,3708.187,-205.695,4.89%
Sat 26/04/25,Sat,2025,Apr,2731.056,2901.56,-170.504,5.93%
Sun 27/04/25,Sun,2025,Apr,2513.856,2577.824,-63.968,3.55%
Mon 28/04/25,Mon,2025,Apr,3522.992,3563.278,-40.286,1.79%
Tue 29/04/25,Tue,2025,Apr,3622.442,3528.127,94.315,4.21%
Wed 30/04/25,Wed,2025,Apr,3617.556,3487.712,129.844,4.51%
Thu 01/05/25,Thu,2025,May,3485.384,3545.588,-60.204,2.07%
Fri 02/05/25,Fri,2025,May,3302.584,3364.604,-62.02,4.11%
Sat 03/05/25,Sat,2025,May,2656.642,2636.211,20.431,2.09%
Sun 04/05/25,Sun,2025,May,2488.592,2486.405,2.187,1.70%
Mon 05/05/25,Mon,2025,May,2888.184,2720.424,167.76,6.72%
Tue 06/05/25,Tue,2025,May,3774.934,3677.732,97.202,3.42%
Wed 07/05/25,Wed,2025,May,3774.584,3639.961,134.623,3.36%
Thu 08/05/25,Thu,2025,May,3775.084,3778.073,-2.989,1.83%
Fri 09/05/25,Fri,2025,May,3708.284,3428.797,279.487,7.28%
Sat 10/05/25,Sat,2025,May,2932.142,2642.289,289.853,10.55%
Sun 11/05/25,Sun,2025,May,2577.192,2399.989,177.203,7.64%
Mon 12/05/25,Mon,2025,May,3503.684,3474.35,29.334,4.66%
Tue 13/05/25,Tue,2025,May,3504.384,3448.017,56.367,2.68%
Wed 14/05/25,Wed,2025,May,3616.584,3433.132,183.452,5.38%
Thu 15/05/25,Thu,2025,May,3616.584,3589.338,27.246,4.71%
Fri 16/05/25,Fri,2025,May,3364.534,3341.837,22.697,1.75%
Sat 17/05/25,Sat,2025,May,2591.492,2623.735,-32.243,2.74%
Sun 18/05/25,Sun,2025,May,2574.492,2434.26,140.232,5.96%
Mon 19/05/25,Mon,2025,May,3616.484,3468.769,147.715,5.66%
Tue 20/05/25,Tue,2025,May,3616.584,3449.834,166.75,4.97%
Wed 21/05/25,Wed,2025,May,3615.234,3528.143,87.091,3.14%
Thu 22/05/25,Thu,2025,May,3585.884,3641.322,-55.438,3.06%
Fri 23/05/25,Fri,2025,May,3464.684,3385.508,79.176,2.84%
Sat 24/05/25,Sat,2025,May,2639.392,2755.747,-116.355,4.79%
Sun 25/05/25,Sun,2025,May,2448.792,2363.629,85.163,3.86%
Mon 26/05/25,Mon,2025,May,2678.184,2579.798,98.386,5.10%
Tue 27/05/25,Tue,2025,May,3501.584,3521.759,-20.175,6.62%
Wed 28/05/25,Wed,2025,May,3501.734,3437.575,64.159,2.74%
Thu 29/05/25,Thu,2025,May,3496.934,3537.451,-40.517,3.49%
Fri 30/05/25,Fri,2025,May,3274.934,3349.714,-74.78,3.79%
Sat 31/05/25,Sat,2025,May,2632.97,2625.919,7.051,4.10%
Sun 01/06/25,Sun,2025,Jun,2397.764,2398.825,-1.061,3.18%
Mon 02/06/25,Mon,2025,Jun,3529.756,3434.433,95.323,3.25%
Tue 03/06/25,Tue,2025,Jun,3525.306,3600.67,-75.364,2.08%
Wed 04/06/25,Wed,2025,Jun,3588.156,3566.878,21.278,1.14%
Thu 05/06/25,Thu,2025,Jun,3586.456,3736.671,-150.215,3.96%
Fri 06/06/25,Fri,2025,Jun,3419.456,3467.943,-48.487,1.94%
Sat 07/06/25,Sat,2025,Jun,2693.564,2803.701,-110.137,3.75%
Sun 08/06/25,Sun,2025,Jun,2398.164,2515.604,-117.44,4.53%
Mon 09/06/25,Mon,2025,Jun,3546.756,3592.45,-45.694,2.60%
Tue 10/06/25,Tue,2025,Jun,3556.756,3517.687,39.069,2.27%
Wed 11/06/25,Wed,2025,Jun,3556.756,3538.893,17.863,1.62%
Thu 12/06/25,Thu,2025,Jun,3551.756,3685.355,-133.599,3.82%
Fri 13/06/25,Fri,2025,Jun,3349.206,3500.916,-151.71,4.32%
Sat 14/06/25,Sat,2025,Jun,2690.464,2730.896,-40.432,2.31%
Sun 15/06/25,Sun,2025,Jun,2475.464,2465.688,9.776,2.56%
Mon 16/06/25,Mon,2025,Jun,3607.356,3549.449,57.907,3.35%
Tue 17/06/25,Tue,2025,Jun,3608.856,3600.31,8.546,2.08%
Wed 18/06/25,Wed,2025,Jun,3678.356,3692.961,-14.605,3.46%
Thu 19/06/25,Thu,2025,Jun,3678.906,3760.631,-81.725,2.39%
