Settlement_Day,Settlement_Period,Purchased_Volume,Actual_Demand,Hedged Volume,
Fri 01/08/2025,1,46.12,46.52,49.21,
Fri 01/08/2025,2,46.3,46.16,49.21,
Fri 01/08/2025,3,47.86,46.77,49.21,
Fri 01/08/2025,4,47.86,47.24,49.21,
Fri 01/08/2025,5,46.79,46.7,49.21,
Fri 01/08/2025,6,46.79,46.44,49.21,
Fri 01/08/2025,7,47.06,46.03,49.21,
Fri 01/08/2025,8,46.66,45.54,49.21,
Fri 01/08/2025,9,46.61,46.14,49.21,
Fri 01/08/2025,10,46.88,46.72,49.21,
Fri 01/08/2025,11,48.09,47.39,49.21,
Fri 01/08/2025,12,49.97,49.63,49.21,
Fri 01/08/2025,13,57.25,56.55,49.21,
Fri 01/08/2025,14,62.13,61.22,49.21,
Fri 01/08/2025,15,68.01,68.1,73.83,
Fri 01/08/2025,16,73.33,74.56,73.83,
Fri 01/08/2025,17,77.53,78.95,73.83,
Fri 01/08/2025,18,83.84,85.41,73.83,
Fri 01/08/2025,19,86.61,89.83,73.83,
Fri 01/08/2025,20,86.88,92.11,73.83,
Fri 01/08/2025,21,88.35,93.99,73.83,
Fri 01/08/2025,22,87.86,94.55,73.83,
Fri 01/08/2025,23,84.55,91.05,73.83,
Fri 01/08/2025,24,82.72,90.65,73.83,
Fri 01/08/2025,25,79.64,88.06,73.83,
Fri 01/08/2025,26,79.37,88.14,73.83,
Fri 01/08/2025,27,75.75,85.74,73.83,
Fri 01/08/2025,28,75.08,84.75,73.83,
Fri 01/08/2025,29,74.36,84.28,73.83,
Fri 01/08/2025,30,72.17,80,73.83,
Fri 01/08/2025,31,70.92,79.5,73.83,
Fri 01/08/2025,32,67.79,75.57,73.83,
Fri 01/08/2025,33,64.7,72.43,73.83,
Fri 01/08/2025,34,64.17,71,73.83,
Fri 01/08/2025,35,60.5,66.99,73.83,
Fri 01/08/2025,36,57.77,63.73,73.83,
Fri 01/08/2025,37,55.14,60.24,73.83,
Fri 01/08/2025,38,54.91,59.41,73.83,
Fri 01/08/2025,39,54.12,57.71,49.21,
Fri 01/08/2025,40,54.17,57.15,49.21,
Fri 01/08/2025,41,53.45,55.26,49.21,
Fri 01/08/2025,42,52.56,54.12,49.21,
Fri 01/08/2025,43,50.59,52.74,49.21,
Fri 01/08/2025,44,48.98,51.45,49.21,
Fri 01/08/2025,45,47.51,49.36,49.21,
Fri 01/08/2025,46,45.72,47.18,49.21,
Fri 01/08/2025,47,44.02,44.83,49.21,
Fri 01/08/2025,48,43.62,44.62,49.21,
Sat 02/08/2025,1,43.57,44.49,49.49,
Sat 02/08/2025,2,44.47,44.75,49.49,
Sat 02/08/2025,3,46.61,44.88,49.49,
Sat 02/08/2025,4,43.26,43.1,49.49,
Sat 02/08/2025,5,43.35,43.33,49.49,
Sat 02/08/2025,6,41.78,43.23,49.49,
Sat 02/08/2025,7,42.63,43.73,49.49,
Sat 02/08/2025,8,41.83,43.23,49.49,
Sat 02/08/2025,9,41.65,42.65,49.49,
Sat 02/08/2025,10,42.95,43.42,49.49,
Sat 02/08/2025,11,43.57,44.12,49.49,
Sat 02/08/2025,12,42.86,43.97,49.49,
Sat 02/08/2025,13,45.4,45.76,49.49,
Sat 02/08/2025,14,47.91,47.5,49.49,
Sat 02/08/2025,15,50.81,50.32,49.49,
Sat 02/08/2025,16,53.36,53.33,49.49,
Sat 02/08/2025,17,53.99,54.48,49.49,
Sat 02/08/2025,18,53.54,55.67,49.49,
Sat 02/08/2025,19,57.3,57.59,49.49,
Sat 02/08/2025,20,59.13,60.84,49.49,
Sat 02/08/2025,21,57.7,59.64,49.49,
Sat 02/08/2025,22,59.98,62.73,49.49,
Sat 02/08/2025,23,57.97,61.14,49.49,
Sat 02/08/2025,24,54.61,59.3,49.49,
Sat 02/08/2025,25,55.24,58.73,49.49,
Sat 02/08/2025,26,52.96,57.47,49.49,
Sat 02/08/2025,27,53.81,57.19,49.49,
Sat 02/08/2025,28,52.6,56.78,49.49,
Sat 02/08/2025,29,51.53,54.5,49.49,
Sat 02/08/2025,30,48.62,52.21,49.49,
Sat 02/08/2025,31,50.37,52.48,49.49,
Sat 02/08/2025,32,52.56,55.74,49.49,
Sat 02/08/2025,33,53.36,55.06,49.49,
Sat 02/08/2025,34,53.23,54.32,49.49,
Sat 02/08/2025,35,53.14,54.31,49.49,
Sat 02/08/2025,36,49.74,50.64,49.49,
Sat 02/08/2025,37,50.32,51.04,49.49,
Sat 02/08/2025,38,49.52,50.01,49.49,
Sat 02/08/2025,39,50.46,50.79,49.49,
Sat 02/08/2025,40,50.28,50.69,49.49,
Sat 02/08/2025,41,53.85,53.14,49.49,
Sat 02/08/2025,42,52.25,51.83,49.49,
Sat 02/08/2025,43,48.58,49.71,49.49,
Sat 02/08/2025,44,46.75,48.88,49.49,
Sat 02/08/2025,45,46.08,47.95,49.49,
Sat 02/08/2025,46,45.99,47.57,49.49,
Sat 02/08/2025,47,42.01,43.98,49.49,
Sat 02/08/2025,48,42.01,43.82,49.49,
Sun 03/08/2025,1,42.1,43.41,46.36,
Sun 03/08/2025,2,42.1,43.17,46.36,
Sun 03/08/2025,3,42.01,43.99,46.36,
Sun 03/08/2025,4,42.01,43.59,46.36,
Sun 03/08/2025,5,41.47,42.87,46.36,
Sun 03/08/2025,6,41.47,42.65,46.36,
Sun 03/08/2025,7,40.89,41.93,46.36,
Sun 03/08/2025,8,40.89,42.13,46.36,
Sun 03/08/2025,9,41.02,42.11,46.36,
Sun 03/08/2025,10,41.02,42.31,46.36,
Sun 03/08/2025,11,42.45,42.42,46.36,
Sun 03/08/2025,12,42.45,42.85,46.36,
Sun 03/08/2025,13,42.1,43.4,46.36,
Sun 03/08/2025,14,42.1,43.7,46.36,
Sun 03/08/2025,15,43.21,44.94,46.36,
Sun 03/08/2025,16,43.21,45.31,46.36,
Sun 03/08/2025,17,45.14,46.36,46.36,
Sun 03/08/2025,18,45.14,48.03,46.36,
Sun 03/08/2025,19,48.27,50.37,46.36,
Sun 03/08/2025,20,48.27,50.59,46.36,
Sun 03/08/2025,21,50.23,52.24,46.36,
Sun 03/08/2025,22,50.23,52.91,46.36,
Sun 03/08/2025,23,51.13,53.82,46.36,
Sun 03/08/2025,24,51.13,53.62,46.36,
Sun 03/08/2025,25,50.14,53.33,46.36,
Sun 03/08/2025,26,50.14,52.69,46.36,
Sun 03/08/2025,27,51.35,52.47,46.36,
Sun 03/08/2025,28,51.35,52.22,46.36,
Sun 03/08/2025,29,50.77,51.98,46.36,
Sun 03/08/2025,30,50.77,52.29,46.36,
Sun 03/08/2025,31,52.11,52.57,46.36,
Sun 03/08/2025,32,52.11,52.45,46.36,
Sun 03/08/2025,33,48.94,51.34,46.36,
Sun 03/08/2025,34,48.94,50.31,46.36,
Sun 03/08/2025,35,49.12,49.7,46.36,
Sun 03/08/2025,36,49.12,48.82,46.36,
Sun 03/08/2025,37,49.03,47.58,46.36,
Sun 03/08/2025,38,49.03,47.47,46.36,
Sun 03/08/2025,39,48.8,47.59,46.36,
Sun 03/08/2025,40,48.8,47.72,46.36,
Sun 03/08/2025,41,47.06,48.03,46.36,
Sun 03/08/2025,42,47.06,48.31,46.36,
Sun 03/08/2025,43,47.06,48.18,46.36,
Sun 03/08/2025,44,47.06,47.05,46.36,
Sun 03/08/2025,45,44.69,46.64,46.36,
Sun 03/08/2025,46,44.69,45.32,46.36,
Sun 03/08/2025,47,43.53,44.65,46.36,
Sun 03/08/2025,48,43.53,44.36,46.36,
Mon 04/08/2025,1,46.7,43.64,53.05,
Mon 04/08/2025,2,46.7,45.39,53.05,
Mon 04/08/2025,3,47.6,45.83,53.05,
Mon 04/08/2025,4,47.6,45.11,53.05,
Mon 04/08/2025,5,47.01,44.53,53.05,
Mon 04/08/2025,6,47.01,44.09,53.05,
Mon 04/08/2025,7,46.75,44.85,53.05,
Mon 04/08/2025,8,46.75,45.51,53.05,
Mon 04/08/2025,9,49.7,45.8,53.05,
Mon 04/08/2025,10,49.7,46.01,53.05,
Mon 04/08/2025,11,46.39,45.72,53.05,
Mon 04/08/2025,12,46.39,46.07,53.05,
Mon 04/08/2025,13,53.27,48.71,53.05,
Mon 04/08/2025,14,53.27,49.62,53.05,
Mon 04/08/2025,15,57.01,53.7,87.59,
Mon 04/08/2025,16,57.01,54.53,87.59,
Mon 04/08/2025,17,59.96,56.45,87.59,
Mon 04/08/2025,18,59.96,59.51,87.59,
Mon 04/08/2025,19,59.92,59.69,87.59,
Mon 04/08/2025,20,59.92,61.71,87.59,
Mon 04/08/2025,21,59.83,62.29,87.59,
Mon 04/08/2025,22,59.83,62.63,87.59,
Mon 04/08/2025,23,60.32,59.56,87.59,
Mon 04/08/2025,24,60.32,59.95,87.59,
Mon 04/08/2025,25,60.81,60.69,87.59,
Mon 04/08/2025,26,60.81,63.9,87.59,
Mon 04/08/2025,27,57.46,62.46,87.59,
Mon 04/08/2025,28,57.46,59.95,87.59,
Mon 04/08/2025,29,57.91,58.11,87.59,
Mon 04/08/2025,30,57.91,59.09,87.59,
Mon 04/08/2025,31,59.2,57.25,87.59,
Mon 04/08/2025,32,59.2,56.64,87.59,
Mon 04/08/2025,33,55.09,56.81,87.59,
Mon 04/08/2025,34,55.09,57.35,87.59,
Mon 04/08/2025,35,55.85,54.14,87.59,
Mon 04/08/2025,36,55.85,54.86,87.59,
Mon 04/08/2025,37,54.2,50.79,87.59,
Mon 04/08/2025,38,54.2,51.63,87.59,
Mon 04/08/2025,39,52.65,52.1,53.05,
Mon 04/08/2025,40,52.65,49.25,53.05,
Mon 04/08/2025,41,54.66,50.76,53.05,
Mon 04/08/2025,42,54.66,50.49,53.05,
Mon 04/08/2025,43,52.74,52.82,53.05,
Mon 04/08/2025,44,52.74,49.83,53.05,
Mon 04/08/2025,45,47.82,49.62,53.05,
Mon 04/08/2025,46,47.82,48.42,53.05,
Mon 04/08/2025,47,48.4,47.24,53.05,
Mon 04/08/2025,48,48.4,45.26,49.47,
Tue 05/08/2025,1,47.6,45,53.05,
Tue 05/08/2025,2,47.6,45.42,53.05,
Tue 05/08/2025,3,49.56,46.34,53.05,
Tue 05/08/2025,4,49.56,46.59,53.05,
Tue 05/08/2025,5,48.09,46.27,53.05,
Tue 05/08/2025,6,48.09,46.02,53.05,
Tue 05/08/2025,7,47.55,46.11,53.05,
Tue 05/08/2025,8,47.55,46.23,53.05,
Tue 05/08/2025,9,48.31,47.07,53.05,
Tue 05/08/2025,10,48.31,47.76,53.05,
Tue 05/08/2025,11,51.35,49.77,53.05,
Tue 05/08/2025,12,51.35,52.01,53.05,
Tue 05/08/2025,13,62.62,60.43,53.05,
Tue 05/08/2025,14,62.62,66.32,53.05,
Tue 05/08/2025,15,76.55,74.2,87.59,
Tue 05/08/2025,16,76.55,80.87,87.59,
Tue 05/08/2025,17,89.2,87.98,87.59,
Tue 05/08/2025,18,89.2,94.49,87.59,
Tue 05/08/2025,19,95.6,98.87,87.59,
Tue 05/08/2025,20,95.6,99.4,87.59,
Tue 05/08/2025,21,97.61,100,87.59,
Tue 05/08/2025,22,97.61,101.3,87.59,
Tue 05/08/2025,23,97.7,102.93,87.59,
Tue 05/08/2025,24,97.7,100.47,87.59,
Tue 05/08/2025,25,96.18,99.01,87.59,
Tue 05/08/2025,26,96.18,98.24,87.59,
Tue 05/08/2025,27,93.72,95.78,87.59,
Tue 05/08/2025,28,93.72,94.06,87.59,
Tue 05/08/2025,29,91.53,92.65,87.59,
Tue 05/08/2025,30,91.53,90.74,87.59,
Tue 05/08/2025,31,89.07,88.55,87.59,
Tue 05/08/2025,32,89.07,87.19,87.59,
Tue 05/08/2025,33,84.33,84.97,87.59,
Tue 05/08/2025,34,84.33,81.49,87.59,
Tue 05/08/2025,35,73.51,74.91,87.59,
Tue 05/08/2025,36,73.51,71.06,87.59,
Tue 05/08/2025,37,66.13,65.91,87.59,
Tue 05/08/2025,38,66.13,64.55,87.59,
Tue 05/08/2025,39,63.51,63.27,53.05,
Tue 05/08/2025,40,63.51,61.96,53.05,
Tue 05/08/2025,41,61.1,60.9,53.05,
Tue 05/08/2025,42,61.1,59.77,53.05,
Tue 05/08/2025,43,56.81,58.28,53.05,
Tue 05/08/2025,44,56.81,55.41,53.05,
Tue 05/08/2025,45,51.66,53.09,53.05,
Tue 05/08/2025,46,51.66,50.96,53.05,
Tue 05/08/2025,47,48.62,48.86,53.05,
Tue 05/08/2025,48,48.22,47.88,53.05,
Wed 06/08/2025,1,47.37,47.98,53.04,
Wed 06/08/2025,2,47.82,48.3,53.04,
Wed 06/08/2025,3,49.65,48.69,53.04,
Wed 06/08/2025,4,49.43,49.01,53.04,
Wed 06/08/2025,5,48.44,48.7,53.04,
Wed 06/08/2025,6,47.77,47.99,53.04,
Wed 06/08/2025,7,47.6,48.18,53.04,
Wed 06/08/2025,8,47.51,47.77,53.04,
Wed 06/08/2025,9,48.22,48.21,53.04,
Wed 06/08/2025,10,48.4,48.86,53.04,
Wed 06/08/2025,11,50.41,50.77,53.04,
Wed 06/08/2025,12,52.25,52.89,53.04,
Wed 06/08/2025,13,59.98,61.24,53.04,
Wed 06/08/2025,14,65.21,66.17,53.04,
Wed 06/08/2025,15,73.2,73.29,87.59,
Wed 06/08/2025,16,79.9,80.45,87.59,
Wed 06/08/2025,17,85.85,86.64,87.59,
Wed 06/08/2025,18,92.51,92.25,87.59,
Wed 06/08/2025,19,95.19,95.65,87.59,
Wed 06/08/2025,20,96,95.71,87.59,
Wed 06/08/2025,21,96.98,96.87,87.59,
Wed 06/08/2025,22,98.23,97.13,87.59,
Wed 06/08/2025,23,98.23,95.01,87.59,
Wed 06/08/2025,24,97.16,95.17,87.59,
Wed 06/08/2025,25,96.27,94.45,87.59,
Wed 06/08/2025,26,96.04,94.12,87.59,
Wed 06/08/2025,27,94.26,93.21,87.59,
Wed 06/08/2025,28,93.18,91.84,87.59,
Wed 06/08/2025,29,92.29,90.87,87.59,
Wed 06/08/2025,30,90.72,90.69,87.59,
Wed 06/08/2025,31,89.78,90.49,87.59,
Wed 06/08/2025,32,88.31,89.96,87.59,
Wed 06/08/2025,33,86.25,86.63,87.59,
Wed 06/08/2025,34,82.41,82.1,87.59,
Wed 06/08/2025,35,75.57,75.89,87.59,
Wed 06/08/2025,36,71.5,71.62,87.59,
Wed 06/08/2025,37,67.07,65.72,87.59,
Wed 06/08/2025,38,65.2,64.51,87.59,
Wed 06/08/2025,39,64.05,63.07,53.04,
Wed 06/08/2025,40,62.98,62.37,53.04,
Wed 06/08/2025,41,61.72,60.85,53.04,
Wed 06/08/2025,42,60.47,59.22,53.04,
Wed 06/08/2025,43,57.97,57.67,53.04,
Wed 06/08/2025,44,55.6,54.56,53.04,
Wed 06/08/2025,45,52.83,52.07,53.04,
Wed 06/08/2025,46,50.46,49.74,53.04,
Wed 06/08/2025,47,48.62,48.07,53.04,
Wed 06/08/2025,48,48.22,47.11,53.04,
Thu 07/08/2025,1,47.37,46.32,53.06,
Thu 07/08/2025,2,47.82,46.86,53.06,
Thu 07/08/2025,3,49.65,47.48,53.06,
Thu 07/08/2025,4,49.43,47.06,53.06,
Thu 07/08/2025,5,48.44,46.78,53.06,
Thu 07/08/2025,6,47.77,46.12,53.06,
Thu 07/08/2025,7,47.6,45.78,53.06,
Thu 07/08/2025,8,47.51,45.72,53.06,
Thu 07/08/2025,9,48.22,46.25,53.06,
Thu 07/08/2025,10,48.4,46.38,53.06,
Thu 07/08/2025,11,50.41,48.43,53.06,
Thu 07/08/2025,12,52.25,50.73,53.06,
Thu 07/08/2025,13,59.98,58.9,53.06,
Thu 07/08/2025,14,65.21,64.95,53.06,
Thu 07/08/2025,15,73.2,73.16,87.59,
Thu 07/08/2025,16,79.9,80.05,87.59,
Thu 07/08/2025,17,85.85,87.89,87.59,
Thu 07/08/2025,18,92.51,93.48,87.59,
Thu 07/08/2025,19,95.19,98.09,87.59,
Thu 07/08/2025,20,96,100.51,87.59,
Thu 07/08/2025,21,96.98,100.21,87.59,
Thu 07/08/2025,22,98.23,102.61,87.59,
Thu 07/08/2025,23,98.23,103.17,87.59,
Thu 07/08/2025,24,97.16,101.18,87.59,
Thu 07/08/2025,25,96.27,99.64,87.59,
Thu 07/08/2025,26,96.04,98.93,87.59,
Thu 07/08/2025,27,94.26,96.81,87.59,
Thu 07/08/2025,28,93.18,96.23,87.59,
Thu 07/08/2025,29,92.29,95.26,87.59,
Thu 07/08/2025,30,90.72,94.22,87.59,
Thu 07/08/2025,31,89.78,91.54,87.59,
Thu 07/08/2025,32,88.31,88.55,87.59,
Thu 07/08/2025,33,86.25,85.09,87.59,
Thu 07/08/2025,34,82.41,79.6,87.59,
Thu 07/08/2025,35,75.57,74.15,87.59,
Thu 07/08/2025,36,71.5,69.56,87.59,
Thu 07/08/2025,37,67.07,64.35,87.59,
Thu 07/08/2025,38,65.2,63.69,87.59,
Thu 07/08/2025,39,64.05,62.11,53.06,
Thu 07/08/2025,40,62.98,60.78,53.06,
Thu 07/08/2025,41,61.72,60.21,53.06,
Thu 07/08/2025,42,60.47,59.22,53.06,
Thu 07/08/2025,43,57.97,57.24,53.06,
Thu 07/08/2025,44,55.6,54.64,53.06,
Thu 07/08/2025,45,52.83,52.48,53.06,
Thu 07/08/2025,46,50.46,50.44,53.06,
Thu 07/08/2025,47,48.58,48.45,53.06,
Thu 07/08/2025,48,48.71,47.24,53.06,
Fri 08/08/2025,1,48.8,47.63,52.72,
Fri 08/08/2025,2,49.47,47.71,52.72,
Fri 08/08/2025,3,51.13,48.33,52.72,
Fri 08/08/2025,4,50.55,48.13,52.72,
Fri 08/08/2025,5,49.92,47.93,52.72,
Fri 08/08/2025,6,49.29,47.59,52.72,
Fri 08/08/2025,7,48.98,47.88,52.72,
Fri 08/08/2025,8,48.58,47.62,52.72,
Fri 08/08/2025,9,48.85,48,52.72,
Fri 08/08/2025,10,49.12,48.5,52.72,
Fri 08/08/2025,11,50.73,49.83,52.72,
Fri 08/08/2025,12,52.65,51.79,52.72,
Fri 08/08/2025,13,59.98,59.66,52.72,
Fri 08/08/2025,14,64.67,64.62,52.72,
Fri 08/08/2025,15,71.72,70.74,85.44,
Fri 08/08/2025,16,79.23,76.86,85.44,
Fri 08/08/2025,17,84.46,82.11,85.44,
Fri 08/08/2025,18,91.3,86.7,85.44,
Fri 08/08/2025,19,95.55,90.14,85.44,
Fri 08/08/2025,20,97.97,91.12,85.44,
Fri 08/08/2025,21,100.87,91.98,85.44,
Fri 08/08/2025,22,101.63,91.68,85.44,
Fri 08/08/2025,23,99.22,88.68,85.44,
Fri 08/08/2025,24,98.06,88.23,85.44,
Fri 08/08/2025,25,96.94,86.15,85.44,
Fri 08/08/2025,26,96.67,86.52,85.44,
Fri 08/08/2025,27,93.63,85.28,85.44,
Fri 08/08/2025,28,90.9,83.26,85.44,
Fri 08/08/2025,29,88.13,81.07,85.44,
Fri 08/08/2025,30,86.39,79.44,85.44,
Fri 08/08/2025,31,84.29,77.81,85.44,
Fri 08/08/2025,32,79.99,74.76,85.44,
Fri 08/08/2025,33,77.71,72.08,85.44,
Fri 08/08/2025,34,75.97,70.91,85.44,
Fri 08/08/2025,35,70.16,67.05,85.44,
Fri 08/08/2025,36,66,62.92,85.44,
Fri 08/08/2025,37,62.29,59.23,85.44,
Fri 08/08/2025,38,61.4,58.84,85.44,
Fri 08/08/2025,39,59.98,57.28,52.72,
Fri 08/08/2025,40,59.26,56.92,52.72,
Fri 08/08/2025,41,58.19,56.11,52.72,
Fri 08/08/2025,42,58.1,55.1,52.72,
Fri 08/08/2025,43,55.87,54.03,52.72,
Fri 08/08/2025,44,53.9,52.09,52.72,
Fri 08/08/2025,45,51.93,50.39,52.72,
Fri 08/08/2025,46,49.83,48.48,52.72,
Fri 08/08/2025,47,48.22,46.57,52.72,
Fri 08/08/2025,48,47.33,45.66,52.72,
Sat 09/08/2025,1,47.24,45.37,54.62,
Sat 09/08/2025,2,47.73,45.5,54.62,
Sat 09/08/2025,3,49.07,45.75,54.62,
Sat 09/08/2025,4,47.55,44.94,54.62,
Sat 09/08/2025,5,46.61,44.72,54.62,
Sat 09/08/2025,6,46.12,44.49,54.62,
Sat 09/08/2025,7,46.3,44.24,54.62,
Sat 09/08/2025,8,45.81,43.87,54.62,
Sat 09/08/2025,9,45.58,43.89,54.62,
Sat 09/08/2025,10,45.4,44.08,54.62,
Sat 09/08/2025,11,46.16,44.64,54.62,
Sat 09/08/2025,12,46.03,44.87,54.62,
Sat 09/08/2025,13,47.86,46.6,54.62,
Sat 09/08/2025,14,50.1,48.5,54.62,
Sat 09/08/2025,15,52.2,50.34,54.62,
Sat 09/08/2025,16,56.09,50.31,54.62,
Sat 09/08/2025,17,58.41,52.05,54.62,
Sat 09/08/2025,18,62.8,56.89,54.62,
Sat 09/08/2025,19,66.15,58.46,54.62,
Sat 09/08/2025,20,67.8,58.27,54.62,
Sat 09/08/2025,21,67.76,58.24,54.62,
Sat 09/08/2025,22,67.89,60.16,54.62,
Sat 09/08/2025,23,67.58,60.2,54.62,
Sat 09/08/2025,24,65.7,58.98,54.62,
Sat 09/08/2025,25,63.65,57.35,54.62,
Sat 09/08/2025,26,62.44,55.69,54.62,
Sat 09/08/2025,27,60.87,54.61,54.62,
Sat 09/08/2025,28,60.34,54.26,54.62,
Sat 09/08/2025,29,59.04,52.49,54.62,
Sat 09/08/2025,30,58.37,52,54.62,
Sat 09/08/2025,31,59.13,52.26,54.62,
Sat 09/08/2025,32,61.37,53.62,54.62,
Sat 09/08/2025,33,61.41,53.15,54.62,
Sat 09/08/2025,34,60.34,53.01,54.62,
Sat 09/08/2025,35,59.04,52.81,54.62,
Sat 09/08/2025,36,56.09,51.8,54.62,
Sat 09/08/2025,37,55.37,50.36,54.62,
Sat 09/08/2025,38,53.77,50.03,54.62,
Sat 09/08/2025,39,52.56,49.89,54.62,
Sat 09/08/2025,40,52.6,50.65,54.62,
Sat 09/08/2025,41,53.85,49.21,54.62,
Sat 09/08/2025,42,52.69,49.83,54.62,
Sat 09/08/2025,43,50.81,49.17,54.62,
Sat 09/08/2025,44,50.01,48,54.62,
Sat 09/08/2025,45,48.76,47.11,54.62,
Sat 09/08/2025,46,48.18,45.53,54.62,
Sat 09/08/2025,47,45.58,43.65,54.62,
Sat 09/08/2025,48,45.58,44.38,54.62,
Sun 10/08/2025,1,45.76,42.83,48.01,
Sun 10/08/2025,2,45.76,42.08,48.01,
Sun 10/08/2025,3,45.4,41.81,48.01,
Sun 10/08/2025,4,45.4,41.6,48.01,
Sun 10/08/2025,5,44.91,41.53,48.01,
Sun 10/08/2025,6,44.91,40.99,48.01,
Sun 10/08/2025,7,44.24,40.61,48.01,
Sun 10/08/2025,8,44.24,40.37,48.01,
Sun 10/08/2025,9,44.06,40.73,48.01,
Sun 10/08/2025,10,44.06,41.19,48.01,
Sun 10/08/2025,11,44.6,41,48.01,
Sun 10/08/2025,12,44.6,41.2,48.01,
Sun 10/08/2025,13,45,41.42,48.01,
Sun 10/08/2025,14,45,41.89,48.01,
Sun 10/08/2025,15,45.49,42.31,48.01,
Sun 10/08/2025,16,45.49,43.04,48.01,
Sun 10/08/2025,17,47.28,43.69,48.01,
Sun 10/08/2025,18,47.28,45.32,48.01,
Sun 10/08/2025,19,49.74,48.33,48.01,
Sun 10/08/2025,20,49.74,48.49,48.01,
Sun 10/08/2025,21,50.86,50.05,48.01,
Sun 10/08/2025,22,50.86,50.26,48.01,
Sun 10/08/2025,23,51.31,51.28,48.01,
Sun 10/08/2025,24,51.31,52.21,48.01,
Sun 10/08/2025,25,51.13,51.75,48.01,
Sun 10/08/2025,26,51.13,50,48.01,
Sun 10/08/2025,27,50.46,50.46,48.01,
Sun 10/08/2025,28,50.46,49.41,48.01,
Sun 10/08/2025,29,50.37,49.9,48.01,
Sun 10/08/2025,30,50.37,48.64,48.01,
Sun 10/08/2025,31,50.64,50.27,48.01,
Sun 10/08/2025,32,50.64,50.85,48.01,
Sun 10/08/2025,33,49.47,48.59,48.01,
Sun 10/08/2025,34,49.47,49.21,48.01,
Sun 10/08/2025,35,49.43,49.9,48.01,
Sun 10/08/2025,36,49.43,48.48,48.01,
Sun 10/08/2025,37,50.37,47.09,48.01,
Sun 10/08/2025,38,50.37,47.24,48.01,
Sun 10/08/2025,39,50.14,47.82,48.01,
Sun 10/08/2025,40,50.14,49.12,48.01,
Sun 10/08/2025,41,49.56,48.4,48.01,
Sun 10/08/2025,42,49.56,47.25,48.01,
Sun 10/08/2025,43,49.43,47.52,48.01,
Sun 10/08/2025,44,49.43,46.25,48.01,
Sun 10/08/2025,45,47.28,45.51,48.01,
Sun 10/08/2025,46,47.28,45.05,48.01,
Sun 10/08/2025,47,45.27,43.75,48.01,
Sun 10/08/2025,48,45.27,43.43,48.01,
Mon 11/08/2025,1,46.39,42.88,51,
Mon 11/08/2025,2,46.39,43.1,51,
Mon 11/08/2025,3,47.28,43.03,51,
Mon 11/08/2025,4,47.28,43.05,51,
Mon 11/08/2025,5,46.75,43.3,51,
Mon 11/08/2025,6,46.75,42.82,51,
Mon 11/08/2025,7,45.76,42.89,51,
Mon 11/08/2025,8,45.76,42.77,51,
Mon 11/08/2025,9,46.34,43.25,51,
Mon 11/08/2025,10,46.34,43.53,51,
Mon 11/08/2025,11,49.12,45.19,51,
Mon 11/08/2025,12,49.12,47.31,51,
Mon 11/08/2025,13,60.11,55.24,51,
Mon 11/08/2025,14,60.11,59.7,51,
Mon 11/08/2025,15,72.44,67.81,79.54,
Mon 11/08/2025,16,72.44,74.71,79.54,
Mon 11/08/2025,17,83.62,83.29,79.54,
Mon 11/08/2025,18,83.62,90.43,79.54,
Mon 11/08/2025,19,88.85,93.29,79.54,
Mon 11/08/2025,20,88.85,96.14,79.54,
Mon 11/08/2025,21,89.29,94.38,79.54,
Mon 11/08/2025,22,89.29,95.81,79.54,
Mon 11/08/2025,23,87.42,94.42,79.54,
Mon 11/08/2025,24,87.42,93.03,79.54,
Mon 11/08/2025,25,84.91,91.08,79.54,
Mon 11/08/2025,26,84.91,91.05,79.54,
Mon 11/08/2025,27,82.86,91.23,79.54,
Mon 11/08/2025,28,82.86,89.64,79.54,
Mon 11/08/2025,29,81.74,89.28,79.54,
Mon 11/08/2025,30,81.74,89.98,79.54,
Mon 11/08/2025,31,79.81,88.05,79.54,
Mon 11/08/2025,32,79.81,86.92,79.54,
Mon 11/08/2025,33,75.12,82.54,79.54,
Mon 11/08/2025,34,75.12,79.53,79.54,
Mon 11/08/2025,35,67.03,73.48,79.54,
Mon 11/08/2025,36,67.03,67.57,79.54,
Mon 11/08/2025,37,61.35,62.81,79.54,
Mon 11/08/2025,38,61.35,61.68,79.54,
Mon 11/08/2025,39,60.11,60.6,51,
Mon 11/08/2025,40,60.11,58.57,51,
Mon 11/08/2025,41,58.1,57.93,51,
Mon 11/08/2025,42,58.1,56.56,51,
Mon 11/08/2025,43,55.06,55.97,51,
Mon 11/08/2025,44,55.06,53.27,51,
Mon 11/08/2025,45,50.19,50.36,51,
Mon 11/08/2025,46,50.19,47.98,51,
Mon 11/08/2025,47,46.75,46.48,51,
Mon 11/08/2025,48,46.84,45.82,51,
Tue 12/08/2025,1,46.3,45.36,51.03,
Tue 12/08/2025,2,46.52,45.09,51.03,
Tue 12/08/2025,3,47.33,45.32,51.03,
Tue 12/08/2025,4,47.24,45.01,51.03,
Tue 12/08/2025,5,47.15,45.16,51.03,
Tue 12/08/2025,6,46.39,44.63,51.03,
Tue 12/08/2025,7,45.9,44.76,51.03,
Tue 12/08/2025,8,45.67,44.4,51.03,
Tue 12/08/2025,9,46.21,44.88,51.03,
Tue 12/08/2025,10,46.52,45.04,51.03,
Tue 12/08/2025,11,48.13,46.51,51.03,
Tue 12/08/2025,12,50.05,48.81,51.03,
Tue 12/08/2025,13,57.52,56.03,51.03,
Tue 12/08/2025,14,62.66,60.1,51.03,
Tue 12/08/2025,15,70.16,68.75,79.54,
Tue 12/08/2025,16,74.72,73.23,79.54,
Tue 12/08/2025,17,80.71,80.35,79.54,
Tue 12/08/2025,18,86.52,86.24,79.54,
Tue 12/08/2025,19,88.31,88.97,79.54,
Tue 12/08/2025,20,89.34,89.2,79.54,
Tue 12/08/2025,21,89.16,88.34,79.54,
Tue 12/08/2025,22,89.38,89.46,79.54,
Tue 12/08/2025,23,87.95,89.38,79.54,
Tue 12/08/2025,24,86.83,89.72,79.54,
Tue 12/08/2025,25,84.64,87.92,79.54,
Tue 12/08/2025,26,85.18,88.17,79.54,
Tue 12/08/2025,27,83.3,87.44,79.54,
Tue 12/08/2025,28,82.45,86.99,79.54,
Tue 12/08/2025,29,82.54,87.01,79.54,
Tue 12/08/2025,30,80.98,85.93,79.54,
Tue 12/08/2025,31,80.49,84.96,79.54,
Tue 12/08/2025,32,79.19,83.61,79.54,
Tue 12/08/2025,33,76.33,81.4,79.54,
Tue 12/08/2025,34,73.91,78,79.54,
Tue 12/08/2025,35,68.77,72.57,79.54,
Tue 12/08/2025,36,65.33,67.26,79.54,
Tue 12/08/2025,37,61.8,62.73,79.54,
Tue 12/08/2025,38,60.9,61.65,79.54,
Tue 12/08/2025,39,60.56,61.1,51.03,
Tue 12/08/2025,40,59.67,59.58,51.03,
Tue 12/08/2025,41,58.46,58.7,51.03,
Tue 12/08/2025,42,57.74,56.89,51.03,
Tue 12/08/2025,43,56.05,56.1,51.03,
Tue 12/08/2025,44,54.03,53.49,51.03,
Tue 12/08/2025,45,51.44,50.9,51.03,
Tue 12/08/2025,46,48.94,48.67,51.03,
Tue 12/08/2025,47,47.01,46.77,51.03,
Tue 12/08/2025,48,47.1,46.32,51.03,
Wed 13/08/2025,1,47.24,45.76,52.02,
Wed 13/08/2025,2,47.46,45.66,52.02,
Wed 13/08/2025,3,48.31,45.71,52.02,
Wed 13/08/2025,4,48.18,45.72,52.02,
Wed 13/08/2025,5,48.09,45.75,52.02,
Wed 13/08/2025,6,47.28,44.59,52.02,
Wed 13/08/2025,7,46.79,44.73,52.02,
Wed 13/08/2025,8,46.61,44.59,52.02,
Wed 13/08/2025,9,47.15,45.54,52.02,
Wed 13/08/2025,10,47.46,45.59,52.02,
Wed 13/08/2025,11,49.07,46.95,52.02,
Wed 13/08/2025,12,51.04,49.35,52.02,
Wed 13/08/2025,13,58.68,56.56,52.02,
Wed 13/08/2025,14,63.91,60.84,52.02,
Wed 13/08/2025,15,71.54,68.38,82.72,
Wed 13/08/2025,16,77.76,74.43,82.72,
Wed 13/08/2025,17,83.97,80.19,82.72,
Wed 13/08/2025,18,90.05,86.31,82.72,
Wed 13/08/2025,19,91.93,89.88,82.72,
Wed 13/08/2025,20,92.96,90.18,82.72,
Wed 13/08/2025,21,92.83,89.06,82.72,
Wed 13/08/2025,22,93,90.84,82.72,
Wed 13/08/2025,23,91.53,91.32,82.72,
Wed 13/08/2025,24,90.41,90.31,82.72,
Wed 13/08/2025,25,88.09,88.78,82.72,
Wed 13/08/2025,26,88.67,87.45,82.72,
Wed 13/08/2025,27,86.7,86.89,82.72,
Wed 13/08/2025,28,85.81,85.55,82.72,
Wed 13/08/2025,29,85.9,84.71,82.72,
Wed 13/08/2025,30,84.29,83.91,82.72,
Wed 13/08/2025,31,83.79,83.55,82.72,
Wed 13/08/2025,32,82.41,83.66,82.72,
Wed 13/08/2025,33,79.46,81.68,82.72,
Wed 13/08/2025,34,76.91,78.34,82.72,
Wed 13/08/2025,35,71.59,72.03,82.72,
Wed 13/08/2025,36,68.01,67.1,82.72,
Wed 13/08/2025,37,64.3,62.54,82.72,
Wed 13/08/2025,38,63.36,61.45,82.72,
Wed 13/08/2025,39,61.77,60.45,52.02,
Wed 13/08/2025,40,60.87,59.67,52.02,
Wed 13/08/2025,41,59.62,58.58,52.02,
Wed 13/08/2025,42,58.91,56.92,52.02,
Wed 13/08/2025,43,57.16,56.53,52.02,
Wed 13/08/2025,44,55.11,54.09,52.02,
Wed 13/08/2025,45,52.47,51.18,52.02,
Wed 13/08/2025,46,49.92,48.82,52.02,
Wed 13/08/2025,47,47.68,46.9,52.02,
Wed 13/08/2025,48,47.77,46.24,52.02,
Thu 14/08/2025,1,47.24,46.04,52.02,
Thu 14/08/2025,2,47.46,45.9,52.02,
Thu 14/08/2025,3,48.31,46.43,52.02,
Thu 14/08/2025,4,48.18,46.4,52.02,
Thu 14/08/2025,5,48.09,46.33,52.02,
Thu 14/08/2025,6,47.28,45.67,52.02,
Thu 14/08/2025,7,46.79,45.51,52.02,
Thu 14/08/2025,8,46.61,45.29,52.02,
Thu 14/08/2025,9,47.15,46.01,52.02,
Thu 14/08/2025,10,47.46,46.26,52.02,
Thu 14/08/2025,11,49.07,47.77,52.02,
Thu 14/08/2025,12,51.04,50.2,52.02,
Thu 14/08/2025,13,58.68,57.55,52.02,
Thu 14/08/2025,14,63.91,62.45,52.02,
Thu 14/08/2025,15,71.54,70.49,82.72,
Thu 14/08/2025,16,77.76,76.22,82.72,
Thu 14/08/2025,17,83.97,84.19,82.72,
Thu 14/08/2025,18,90.05,90.83,82.72,
Thu 14/08/2025,19,91.93,94.98,82.72,
Thu 14/08/2025,20,92.96,97.47,82.72,
Thu 14/08/2025,21,92.83,97.55,82.72,
Thu 14/08/2025,22,93,98.85,82.72,
Thu 14/08/2025,23,91.53,100.79,82.72,
Thu 14/08/2025,24,90.41,99.5,82.72,
Thu 14/08/2025,25,88.09,98.31,82.72,
Thu 14/08/2025,26,88.67,97.49,82.72,
Thu 14/08/2025,27,86.7,97.11,82.72,
Thu 14/08/2025,28,85.81,95.9,82.72,
Thu 14/08/2025,29,85.9,94.37,82.72,
Thu 14/08/2025,30,84.29,93.1,82.72,
Thu 14/08/2025,31,83.79,90.48,82.72,
Thu 14/08/2025,32,82.41,89.18,82.72,
Thu 14/08/2025,33,79.46,85.64,82.72,
Thu 14/08/2025,34,76.91,80.63,82.72,
Thu 14/08/2025,35,71.59,74.04,82.72,
Thu 14/08/2025,36,68.01,68.24,82.72,
Thu 14/08/2025,37,64.3,63.5,82.72,
Thu 14/08/2025,38,63.36,62.21,82.72,
Thu 14/08/2025,39,61.77,61.08,52.02,
Thu 14/08/2025,40,60.87,59.86,52.02,
Thu 14/08/2025,41,59.62,59.32,52.02,
Thu 14/08/2025,42,58.91,57.81,52.02,
Thu 14/08/2025,43,57.16,56.14,52.02,
Thu 14/08/2025,44,55.11,53.41,52.02,
Thu 14/08/2025,45,52.47,50.66,52.02,
Thu 14/08/2025,46,49.92,48.68,52.02,
Thu 14/08/2025,47,47.68,46.73,52.02,
Thu 14/08/2025,48,47.77,45.77,52.02,
Fri 15/08/2025,1,45.27,45.78,48.36,
Fri 15/08/2025,2,44.96,46.16,48.36,
Fri 15/08/2025,3,45.63,46.62,48.36,
Fri 15/08/2025,4,45.76,46.02,48.36,
Fri 15/08/2025,5,45.14,45.93,48.36,
Fri 15/08/2025,6,44.87,45.34,48.36,
Fri 15/08/2025,7,44.38,45.49,48.36,
Fri 15/08/2025,8,43.84,45.27,48.36,
Fri 15/08/2025,9,44.51,45.84,48.36,
Fri 15/08/2025,10,45.05,46.64,48.36,
Fri 15/08/2025,11,45.81,47.59,48.36,
Fri 15/08/2025,12,47.91,49.81,48.36,
Fri 15/08/2025,13,54.57,56.66,48.36,
Fri 15/08/2025,14,59,60.71,48.36,
Fri 15/08/2025,15,65.73,67.91,76.99,
Fri 15/08/2025,16,71.99,73.06,76.99,
Fri 15/08/2025,17,76.24,80.28,76.99,
Fri 15/08/2025,18,82.81,85.47,76.99,
Fri 15/08/2025,19,87.1,90.16,76.99,
Fri 15/08/2025,20,89.16,91.03,76.99,
Fri 15/08/2025,21,90.59,91.65,76.99,
Fri 15/08/2025,22,91.08,90.18,76.99,
Fri 15/08/2025,23,87.86,87.32,76.99,
Fri 15/08/2025,24,87.28,86.7,76.99,
Fri 15/08/2025,25,84.73,85.2,76.99,
Fri 15/08/2025,26,84.73,84.7,76.99,
Fri 15/08/2025,27,82.18,83.42,76.99,
Fri 15/08/2025,28,80.93,81.14,76.99,
Fri 15/08/2025,29,80.44,79.2,76.99,
Fri 15/08/2025,30,76.51,77.33,76.99,
Fri 15/08/2025,31,75.84,75.61,76.99,
Fri 15/08/2025,32,72.13,73.29,76.99,
Fri 15/08/2025,33,69.35,71.02,76.99,
Fri 15/08/2025,34,68.15,69.33,76.99,
Fri 15/08/2025,35,64.66,66.03,76.99,
Fri 15/08/2025,36,61.66,62.58,76.99,
Fri 15/08/2025,37,58.71,58.57,76.99,
Fri 15/08/2025,38,57.82,57.88,76.99,
Fri 15/08/2025,39,56.36,57.01,48.36,
Fri 15/08/2025,40,55.69,56.54,48.36,
Fri 15/08/2025,41,54.03,55.66,48.36,
Fri 15/08/2025,42,53.09,54.29,48.36,
Fri 15/08/2025,43,51.8,53.45,48.36,
Fri 15/08/2025,44,50.59,52.14,48.36,
Fri 15/08/2025,45,48.53,49.9,48.36,
Fri 15/08/2025,46,46.25,47.94,48.36,
Fri 15/08/2025,47,43.97,46.11,48.36,
Fri 15/08/2025,48,43.75,45.07,48.36,
Sat 16/08/2025,1,42.72,44.77,48.28,
Sat 16/08/2025,2,43.04,44.65,48.28,
Sat 16/08/2025,3,43.35,44.78,48.28,
Sat 16/08/2025,4,41.11,44.51,48.28,
Sat 16/08/2025,5,41.34,44.1,48.28,
Sat 16/08/2025,6,41.07,43.77,48.28,
Sat 16/08/2025,7,41.47,43.4,48.28,
Sat 16/08/2025,8,40.93,42.9,48.28,
Sat 16/08/2025,9,40.31,43.2,48.28,
Sat 16/08/2025,10,40.89,43.34,48.28,
Sat 16/08/2025,11,41.34,43.46,48.28,
Sat 16/08/2025,12,41.11,43.73,48.28,
Sat 16/08/2025,13,42.68,45.56,48.28,
Sat 16/08/2025,14,44.38,47.02,48.28,
Sat 16/08/2025,15,47.01,49.33,48.28,
Sat 16/08/2025,16,49.74,50.95,48.28,
Sat 16/08/2025,17,51.08,53.04,48.28,
Sat 16/08/2025,18,52.74,58.65,48.28,
Sat 16/08/2025,19,54.48,61.53,48.28,
Sat 16/08/2025,20,57.48,61.59,48.28,
Sat 16/08/2025,21,56.31,61.46,48.28,
Sat 16/08/2025,22,59.04,62.33,48.28,
Sat 16/08/2025,23,57.16,62.04,48.28,
Sat 16/08/2025,24,55.42,60.35,48.28,
Sat 16/08/2025,25,54.93,58.8,48.28,
Sat 16/08/2025,26,53.77,56.74,48.28,
Sat 16/08/2025,27,53.63,55.42,48.28,
Sat 16/08/2025,28,53.14,54.05,48.28,
Sat 16/08/2025,29,51.13,52.51,48.28,
Sat 16/08/2025,30,48.98,52.03,48.28,
Sat 16/08/2025,31,49.34,51.89,48.28,
Sat 16/08/2025,32,52.56,52.19,48.28,
Sat 16/08/2025,33,51.66,52.1,48.28,
Sat 16/08/2025,34,51.13,52.23,48.28,
Sat 16/08/2025,35,51.4,51.48,48.28,
Sat 16/08/2025,36,48.18,50.84,48.28,
Sat 16/08/2025,37,48.85,48.85,48.28,
Sat 16/08/2025,38,47.82,49.11,48.28,
Sat 16/08/2025,39,48.53,49.76,48.28,
Sat 16/08/2025,40,48.49,49.86,48.28,
Sat 16/08/2025,41,50.9,48.78,48.28,
Sat 16/08/2025,42,49.65,48.77,48.28,
Sat 16/08/2025,43,47.51,49.2,48.28,
Sat 16/08/2025,44,46.88,48.2,48.28,
Sat 16/08/2025,45,45.9,46.78,48.28,
Sat 16/08/2025,46,45.49,45.25,48.28,
Sat 16/08/2025,47,45.58,43.81,48.28,
Sat 16/08/2025,48,45.58,43.96,48.28,
Sun 17/08/2025,1,45.76,43.57,47.96,
Sun 17/08/2025,2,45.76,42.8,47.96,
Sun 17/08/2025,3,45.4,42.89,47.96,
Sun 17/08/2025,4,45.4,42.33,47.96,
Sun 17/08/2025,5,44.91,42.35,47.96,
Sun 17/08/2025,6,44.91,41.52,47.96,
Sun 17/08/2025,7,44.24,41.39,47.96,
Sun 17/08/2025,8,44.24,40.88,47.96,
Sun 17/08/2025,9,44.06,41.13,47.96,
Sun 17/08/2025,10,44.06,40.99,47.96,
Sun 17/08/2025,11,44.6,40.77,47.96,
Sun 17/08/2025,12,44.6,40.9,47.96,
Sun 17/08/2025,13,45,41.68,47.96,
Sun 17/08/2025,14,45,42.67,47.96,
Sun 17/08/2025,15,45.49,43.38,47.96,
Sun 17/08/2025,16,45.49,44.24,47.96,
Sun 17/08/2025,17,47.28,45.25,47.96,
Sun 17/08/2025,18,47.28,47.74,47.96,
Sun 17/08/2025,19,49.74,50.04,47.96,
Sun 17/08/2025,20,49.74,50.56,47.96,
Sun 17/08/2025,21,50.86,50.95,47.96,
Sun 17/08/2025,22,50.86,51.08,47.96,
Sun 17/08/2025,23,51.31,52.77,47.96,
Sun 17/08/2025,24,51.31,52.1,47.96,
Sun 17/08/2025,25,51.13,52.4,47.96,
Sun 17/08/2025,26,51.13,51.12,47.96,
Sun 17/08/2025,27,50.46,50.7,47.96,
Sun 17/08/2025,28,50.46,50.7,47.96,
Sun 17/08/2025,29,50.37,50.36,47.96,
Sun 17/08/2025,30,50.37,49.43,47.96,
Sun 17/08/2025,31,50.64,49.88,47.96,
Sun 17/08/2025,32,50.64,49.28,47.96,
Sun 17/08/2025,33,49.47,48.51,47.96,
Sun 17/08/2025,34,49.47,48.43,47.96,
Sun 17/08/2025,35,49.43,48.55,47.96,
Sun 17/08/2025,36,49.43,47.77,47.96,
Sun 17/08/2025,37,50.37,45.99,47.96,
Sun 17/08/2025,38,50.37,46.34,47.96,
Sun 17/08/2025,39,50.14,47.45,47.96,
Sun 17/08/2025,40,50.14,47.6,47.96,
Sun 17/08/2025,41,49.56,47.6,47.96,
Sun 17/08/2025,42,49.56,46.39,47.96,
Sun 17/08/2025,43,49.43,46.91,47.96,
Sun 17/08/2025,44,49.43,46.5,47.96,
Sun 17/08/2025,45,47.28,45.09,47.96,
Sun 17/08/2025,46,47.28,44.28,47.96,
Sun 17/08/2025,47,44.06,43.61,47.96,
Sun 17/08/2025,48,44.06,43.45,47.96,
Mon 18/08/2025,1,47.33,42.5,52.02,
Mon 18/08/2025,2,47.33,42.8,52.02,
Mon 18/08/2025,3,48.22,42.93,52.02,
Mon 18/08/2025,4,48.22,42.92,52.02,
Mon 18/08/2025,5,47.68,43.2,52.02,
Mon 18/08/2025,6,47.68,42.72,52.02,
Mon 18/08/2025,7,46.7,42.51,52.02,
Mon 18/08/2025,8,46.7,42.46,52.02,
Mon 18/08/2025,9,47.28,43.31,52.02,
Mon 18/08/2025,10,47.28,43.64,52.02,
Mon 18/08/2025,11,50.05,45.15,52.02,
Mon 18/08/2025,12,50.05,47.99,52.02,
Mon 18/08/2025,13,61.32,55.37,52.02,
Mon 18/08/2025,14,61.32,60.18,52.02,
Mon 18/08/2025,15,74.63,68,82.72,
Mon 18/08/2025,16,74.63,75.29,82.72,
Mon 18/08/2025,17,87.01,84.39,82.72,
Mon 18/08/2025,18,87.01,90.49,82.72,
Mon 18/08/2025,19,92.47,94.89,82.72,
Mon 18/08/2025,20,92.47,96.26,82.72,
Mon 18/08/2025,21,92.91,96.12,82.72,
Mon 18/08/2025,22,92.91,96.7,82.72,
Mon 18/08/2025,23,90.99,94.07,82.72,
Mon 18/08/2025,24,90.99,93.15,82.72,
Mon 18/08/2025,25,88.4,91.44,82.72,
Mon 18/08/2025,26,88.4,90.94,82.72,
Mon 18/08/2025,27,86.25,91.41,82.72,
Mon 18/08/2025,28,86.25,89.22,82.72,
Mon 18/08/2025,29,85.09,88.21,82.72,
Mon 18/08/2025,30,85.09,87.76,82.72,
Mon 18/08/2025,31,83.08,85.41,82.72,
Mon 18/08/2025,32,83.08,83.81,82.72,
Mon 18/08/2025,33,78.16,79.13,82.72,
Mon 18/08/2025,34,78.16,75.68,82.72,
Mon 18/08/2025,35,69.8,70.75,82.72,
Mon 18/08/2025,36,69.8,65.95,82.72,
Mon 18/08/2025,37,63.81,61.02,82.72,
Mon 18/08/2025,38,63.81,59.97,82.72,
Mon 18/08/2025,39,61.32,58.78,52.02,
Mon 18/08/2025,40,61.32,58.06,52.02,
Mon 18/08/2025,41,59.26,57.19,52.02,
Mon 18/08/2025,42,59.26,56.27,52.02,
Mon 18/08/2025,43,56.13,55.09,52.02,
Mon 18/08/2025,44,56.13,52.71,52.02,
Mon 18/08/2025,45,51.22,50.42,52.02,
Mon 18/08/2025,46,51.22,47.97,52.02,
Mon 18/08/2025,47,47.68,47.01,52.02,
Mon 18/08/2025,48,47.77,46.26,52.02,
Tue 19/08/2025,1,47.24,45.62,52.02,
Tue 19/08/2025,2,47.46,45.53,52.02,
Tue 19/08/2025,3,48.31,45.93,52.02,
Tue 19/08/2025,4,48.18,45.39,52.02,
Tue 19/08/2025,5,48.09,45.55,52.02,
Tue 19/08/2025,6,47.28,45.02,52.02,
Tue 19/08/2025,7,46.79,45.31,52.02,
Tue 19/08/2025,8,46.61,45,52.02,
Tue 19/08/2025,9,47.15,45.41,52.02,
Tue 19/08/2025,10,47.46,46,52.02,
Tue 19/08/2025,11,49.07,47.2,52.02,
Tue 19/08/2025,12,51.04,49.58,52.02,
Tue 19/08/2025,13,58.68,56.96,52.02,
Tue 19/08/2025,14,63.91,61.53,52.02,
Tue 19/08/2025,15,71.54,69.23,82.72,
Tue 19/08/2025,16,77.76,74.68,82.72,
Tue 19/08/2025,17,83.97,81.46,82.72,
Tue 19/08/2025,18,90.05,86.44,82.72,
Tue 19/08/2025,19,91.93,89.07,82.72,
Tue 19/08/2025,20,92.96,88.73,82.72,
Tue 19/08/2025,21,92.83,87.92,82.72,
Tue 19/08/2025,22,93,88.21,82.72,
Tue 19/08/2025,23,91.53,88.42,82.72,
Tue 19/08/2025,24,90.41,88.36,82.72,
Tue 19/08/2025,25,88.09,86.43,82.72,
Tue 19/08/2025,26,88.67,86.7,82.72,
Tue 19/08/2025,27,86.7,85.41,82.72,
Tue 19/08/2025,28,85.81,86.06,82.72,
Tue 19/08/2025,29,85.9,84.89,82.72,
Tue 19/08/2025,30,84.29,84.49,82.72,
Tue 19/08/2025,31,83.79,84.19,82.72,
Tue 19/08/2025,32,82.41,83.31,82.72,
Tue 19/08/2025,33,79.46,82.7,82.72,
Tue 19/08/2025,34,76.91,79.68,82.72,
Tue 19/08/2025,35,71.59,74.03,82.72,
Tue 19/08/2025,36,68.01,68.13,82.72,
Tue 19/08/2025,37,64.3,63.2,82.72,
Tue 19/08/2025,38,63.36,61.83,82.72,
Tue 19/08/2025,39,61.77,60.14,52.02,
Tue 19/08/2025,40,60.87,59.41,52.02,
Tue 19/08/2025,41,59.62,57.93,52.02,
Tue 19/08/2025,42,58.91,56.71,52.02,
Tue 19/08/2025,43,57.16,55.61,52.02,
Tue 19/08/2025,44,55.11,53.02,52.02,
Tue 19/08/2025,45,52.47,50.51,52.02,
Tue 19/08/2025,46,49.92,48.39,52.02,
Tue 19/08/2025,47,47.68,46.64,52.02,
Tue 19/08/2025,48,47.77,45.84,52.02,
Wed 20/08/2025,1,47.24,45.33,51.97,
Wed 20/08/2025,2,47.46,45.43,51.97,
Wed 20/08/2025,3,48.31,45.8,51.97,
Wed 20/08/2025,4,48.18,45.31,51.97,
Wed 20/08/2025,5,48.09,45.28,51.97,
Wed 20/08/2025,6,47.28,44.59,51.97,
Wed 20/08/2025,7,46.79,44.53,51.97,
Wed 20/08/2025,8,46.61,44.27,51.97,
Wed 20/08/2025,9,47.15,45.16,51.97,
Wed 20/08/2025,10,47.46,45.71,51.97,
Wed 20/08/2025,11,49.07,46.59,51.97,
Wed 20/08/2025,12,51.04,49.45,51.97,
Wed 20/08/2025,13,58.68,56.67,51.97,
Wed 20/08/2025,14,63.91,61.53,51.97,
Wed 20/08/2025,15,71.54,69.21,82.72,
Wed 20/08/2025,16,77.76,77.64,82.72,
Wed 20/08/2025,17,83.97,83,82.72,
Wed 20/08/2025,18,90.05,88.95,82.72,
Wed 20/08/2025,19,91.93,93.18,82.72,
Wed 20/08/2025,20,92.96,94.58,82.72,
Wed 20/08/2025,21,92.83,94.12,82.72,
Wed 20/08/2025,22,93,94.54,82.72,
Wed 20/08/2025,23,91.53,94.38,82.72,
Wed 20/08/2025,24,90.41,93.98,82.72,
Wed 20/08/2025,25,88.09,93.13,82.72,
Wed 20/08/2025,26,88.67,91.26,82.72,
Wed 20/08/2025,27,86.7,89.97,82.72,
Wed 20/08/2025,28,85.81,89.53,82.72,
Wed 20/08/2025,29,85.9,88.27,82.72,
Wed 20/08/2025,30,84.29,87.38,82.72,
Wed 20/08/2025,31,83.79,86.77,82.72,
Wed 20/08/2025,32,82.41,86.39,82.72,
Wed 20/08/2025,33,79.46,83.54,82.72,
Wed 20/08/2025,34,76.91,79.64,82.72,
Wed 20/08/2025,35,71.59,72.65,82.72,
Wed 20/08/2025,36,68.01,67.99,82.72,
Wed 20/08/2025,37,64.3,63.17,82.72,
Wed 20/08/2025,38,63.36,61.78,82.72,
Wed 20/08/2025,39,61.77,60.62,51.97,
Wed 20/08/2025,40,60.87,60.43,51.97,
Wed 20/08/2025,41,59.62,58.04,51.97,
Wed 20/08/2025,42,58.91,56.83,51.97,
Wed 20/08/2025,43,57.16,55.57,51.97,
Wed 20/08/2025,44,55.11,53.49,51.97,
Wed 20/08/2025,45,52.47,51.04,51.97,
Wed 20/08/2025,46,49.92,49.01,51.97,
Wed 20/08/2025,47,47.06,47.08,51.97,
Wed 20/08/2025,48,47.19,46.27,51.97,
Thu 21/08/2025,1,47.28,46.36,51.25,
Thu 21/08/2025,2,47.06,46.12,51.25,
Thu 21/08/2025,3,47.42,46.8,51.25,
Thu 21/08/2025,4,46.75,46.17,51.25,
Thu 21/08/2025,5,46.88,46.59,51.25,
Thu 21/08/2025,6,46.16,45.86,51.25,
Thu 21/08/2025,7,46.03,45.9,51.25,
Thu 21/08/2025,8,45.54,45.38,51.25,
Thu 21/08/2025,9,45.94,46.32,51.25,
Thu 21/08/2025,10,45.94,46.48,51.25,
Thu 21/08/2025,11,47.42,47.67,51.25,
Thu 21/08/2025,12,49.34,50.54,51.25,
Thu 21/08/2025,13,56.72,58.04,51.25,
Thu 21/08/2025,14,61.05,63.37,51.25,
Thu 21/08/2025,15,70.02,71.05,82.35,
Thu 21/08/2025,16,74.81,78.27,82.35,
Thu 21/08/2025,17,81.42,84.3,82.35,
Thu 21/08/2025,18,87.5,89.14,82.35,
Thu 21/08/2025,19,90.5,92.26,82.35,
Thu 21/08/2025,20,90.54,96.85,82.35,
Thu 21/08/2025,21,90.01,96.54,82.35,
Thu 21/08/2025,22,90.81,97.76,82.35,
Thu 21/08/2025,23,90.5,99.4,82.35,
Thu 21/08/2025,24,90.1,98.28,82.35,
Thu 21/08/2025,25,88.31,97.28,82.35,
Thu 21/08/2025,26,88.35,95.66,82.35,
Thu 21/08/2025,27,87.64,94.56,82.35,
Thu 21/08/2025,28,87.37,93.89,82.35,
Thu 21/08/2025,29,87.19,93.67,82.35,
Thu 21/08/2025,30,85.94,92.45,82.35,
Thu 21/08/2025,31,85.27,89.97,82.35,
Thu 21/08/2025,32,83.79,88.72,82.35,
Thu 21/08/2025,33,81.29,84.52,82.35,
Thu 21/08/2025,34,77.8,79.21,82.35,
Thu 21/08/2025,35,72.93,72.66,82.35,
Thu 21/08/2025,36,67.83,67.43,82.35,
Thu 21/08/2025,37,63.72,62.79,82.35,
Thu 21/08/2025,38,62.74,61.82,82.35,
Thu 21/08/2025,39,61.68,60.67,51.25,
Thu 21/08/2025,40,60.11,59.57,51.25,
Thu 21/08/2025,41,59.44,58.79,51.25,
Thu 21/08/2025,42,57.79,57.46,51.25,
Thu 21/08/2025,43,57.43,55.96,51.25,
Thu 21/08/2025,44,55.24,53.7,51.25,
Thu 21/08/2025,45,52.65,51.46,51.25,
Thu 21/08/2025,46,50.37,49.3,51.25,
Thu 21/08/2025,47,48.04,47.42,51.25,
Thu 21/08/2025,48,47.68,46.2,51.25,
Fri 22/08/2025,1,47.42,46.01,50.58,
Fri 22/08/2025,2,47.51,46.01,50.58,
Fri 22/08/2025,3,48.04,46.72,50.58,
Fri 22/08/2025,4,47.77,45.94,50.58,
Fri 22/08/2025,5,47.46,46.03,50.58,
Fri 22/08/2025,6,47.1,45.88,50.58,
Fri 22/08/2025,7,46.97,45.82,50.58,
Fri 22/08/2025,8,46.52,45.54,50.58,
Fri 22/08/2025,9,47.01,45.89,50.58,
Fri 22/08/2025,10,47.51,46.31,50.58,
Fri 22/08/2025,11,48.44,47.43,50.58,
Fri 22/08/2025,12,50.32,49.94,50.58,
Fri 22/08/2025,13,57.61,56.94,50.58,
Fri 22/08/2025,14,62.3,61.14,50.58,
Fri 22/08/2025,15,68.95,67.13,78.51,
Fri 22/08/2025,16,75.17,73.45,78.51,
Fri 22/08/2025,17,79.77,79.69,78.51,
Fri 22/08/2025,18,85.49,83.3,78.51,
Fri 22/08/2025,19,89.29,88.44,78.51,
Fri 22/08/2025,20,90.77,88.92,78.51,
Fri 22/08/2025,21,91.89,90.69,78.51,
Fri 22/08/2025,22,91.84,90.5,78.51,
Fri 22/08/2025,23,88.76,88.52,78.51,
Fri 22/08/2025,24,88.18,89.47,78.51,
Fri 22/08/2025,25,85.94,88.75,78.51,
Fri 22/08/2025,26,86.12,88.45,78.51,
Fri 22/08/2025,27,83.97,85.99,78.51,
Fri 22/08/2025,28,82.01,82.99,78.51,
Fri 22/08/2025,29,80.57,81.35,78.51,
Fri 22/08/2025,30,77.8,79.54,78.51,
Fri 22/08/2025,31,76.6,77.71,78.51,
Fri 22/08/2025,32,73.15,75.44,78.51,
Fri 22/08/2025,33,70.56,71.89,78.51,
Fri 22/08/2025,34,69.44,69.36,78.51,
Fri 22/08/2025,35,66.09,66.16,78.51,
Fri 22/08/2025,36,63,62.75,78.51,
Fri 22/08/2025,37,59.74,58.7,78.51,
Fri 22/08/2025,38,59.07,57.64,78.51,
Fri 22/08/2025,39,57.61,56.46,50.58,
Fri 22/08/2025,40,57.07,56.22,50.58,
Fri 22/08/2025,41,55.87,55.15,50.58,
Fri 22/08/2025,42,55.02,54.39,50.58,
Fri 22/08/2025,43,53.85,53.12,50.58,
Fri 22/08/2025,44,52.29,51.45,50.58,
Fri 22/08/2025,45,50.32,49.39,50.58,
Fri 22/08/2025,46,48.18,47.27,50.58,
Fri 22/08/2025,47,46.03,45.92,50.58,
Fri 22/08/2025,48,45.58,44.89,50.58,
Sat 23/08/2025,1,44.42,44.28,49.17,
Sat 23/08/2025,2,44.73,43.81,49.17,
Sat 23/08/2025,3,45.09,43.81,49.17,
Sat 23/08/2025,4,43.39,43.27,49.17,
Sat 23/08/2025,5,43.35,43.4,49.17,
Sat 23/08/2025,6,43.04,43.07,49.17,
Sat 23/08/2025,7,43.08,43.24,49.17,
Sat 23/08/2025,8,42.54,42.83,49.17,
Sat 23/08/2025,9,42.19,42.84,49.17,
Sat 23/08/2025,10,42.45,43.15,49.17,
Sat 23/08/2025,11,42.86,43.66,49.17,
Sat 23/08/2025,12,42.77,44.24,49.17,
Sat 23/08/2025,13,44.42,45.62,49.17,
Sat 23/08/2025,14,46.21,47.04,49.17,
Sat 23/08/2025,15,48.49,49.37,49.17,
Sat 23/08/2025,16,49.88,50.85,49.17,
Sat 23/08/2025,17,51.44,53.52,49.17,
Sat 23/08/2025,18,54.61,58.48,49.17,
Sat 23/08/2025,19,56,62.39,49.17,
Sat 23/08/2025,20,57.61,62.86,49.17,
Sat 23/08/2025,21,56.94,63.64,49.17,
Sat 23/08/2025,22,59.09,64.42,49.17,
Sat 23/08/2025,23,57.74,66.05,49.17,
Sat 23/08/2025,24,56.36,65.71,49.17,
Sat 23/08/2025,25,55.29,64.16,49.17,
Sat 23/08/2025,26,54.48,63.15,49.17,
Sat 23/08/2025,27,53.9,62.88,49.17,
Sat 23/08/2025,28,53.41,61.95,49.17,
Sat 23/08/2025,29,51.57,60.86,49.17,
Sat 23/08/2025,30,50.23,60.34,49.17,
Sat 23/08/2025,31,50.59,60.27,49.17,
Sat 23/08/2025,32,52.92,59.86,49.17,
Sat 23/08/2025,33,52.25,59.04,49.17,
Sat 23/08/2025,34,51.93,58.29,49.17,
Sat 23/08/2025,35,52.07,56.31,49.17,
Sat 23/08/2025,36,49.97,54.96,49.17,
Sat 23/08/2025,37,49.65,52.12,49.17,
Sat 23/08/2025,38,48.98,51.54,49.17,
Sat 23/08/2025,39,49.38,51.18,49.17,
Sat 23/08/2025,40,49.7,50.86,49.17,
Sat 23/08/2025,41,50.23,49.9,49.17,
Sat 23/08/2025,42,49.97,49.17,49.17,
Sat 23/08/2025,43,48.53,49.05,49.17,
Sat 23/08/2025,44,47.64,47.82,49.17,
Sat 23/08/2025,45,46.66,46.27,49.17,
Sat 23/08/2025,46,45.76,44.98,49.17,
Sat 23/08/2025,47,43.12,43.73,49.17,
Sat 23/08/2025,48,43.12,43.26,49.17,
Sun 24/08/2025,1,42.45,43.08,45.62,
Sun 24/08/2025,2,42.45,42.34,45.62,
Sun 24/08/2025,3,41.47,42,45.62,
Sun 24/08/2025,4,41.47,41.27,45.62,
Sun 24/08/2025,5,40.84,41.25,45.62,
Sun 24/08/2025,6,40.84,40.59,45.62,
Sun 24/08/2025,7,39.95,40.97,45.62,
Sun 24/08/2025,8,39.95,40.64,45.62,
Sun 24/08/2025,9,40.35,40.72,45.62,
Sun 24/08/2025,10,40.35,40.67,45.62,
Sun 24/08/2025,11,40.26,40.48,45.62,
Sun 24/08/2025,12,40.26,40.47,45.62,
Sun 24/08/2025,13,40.93,41.16,45.62,
Sun 24/08/2025,14,40.93,41.92,45.62,
Sun 24/08/2025,15,42.05,43.01,45.62,
Sun 24/08/2025,16,42.05,43.95,45.62,
Sun 24/08/2025,17,43.84,44.88,45.62,
Sun 24/08/2025,18,43.84,47.3,45.62,
Sun 24/08/2025,19,47.77,49.84,45.62,
Sun 24/08/2025,20,47.77,50.08,45.62,
Sun 24/08/2025,21,49.43,50.58,45.62,
Sun 24/08/2025,22,49.43,50.87,45.62,
Sun 24/08/2025,23,50.9,52.2,45.62,
Sun 24/08/2025,24,50.9,51.54,45.62,
Sun 24/08/2025,25,50.05,51.9,45.62,
Sun 24/08/2025,26,50.05,50.83,45.62,
Sun 24/08/2025,27,49.12,50.44,45.62,
Sun 24/08/2025,28,49.12,50.37,45.62,
Sun 24/08/2025,29,48.4,50.01,45.62,
Sun 24/08/2025,30,48.4,49.12,45.62,
Sun 24/08/2025,31,49.61,49.12,45.62,
Sun 24/08/2025,32,49.61,48.75,45.62,
Sun 24/08/2025,33,48.36,47.95,45.62,
Sun 24/08/2025,34,48.36,47.52,45.62,
Sun 24/08/2025,35,48.94,47.68,45.62,
Sun 24/08/2025,36,48.94,46.97,45.62,
Sun 24/08/2025,37,47.28,45.37,45.62,
Sun 24/08/2025,38,47.28,45.54,45.62,
Sun 24/08/2025,39,48.49,46.14,45.62,
Sun 24/08/2025,40,48.49,46.12,45.62,
Sun 24/08/2025,41,47.86,45.69,45.62,
Sun 24/08/2025,42,47.86,44.95,45.62,
Sun 24/08/2025,43,47.01,45.49,45.62,
Sun 24/08/2025,44,47.01,45.65,45.62,
Sun 24/08/2025,45,45.4,44.39,45.62,
Sun 24/08/2025,46,45.4,43.74,45.62,
Sun 24/08/2025,47,44.02,43.17,45.62,
Sun 24/08/2025,48,44.02,42.98,45.62,
Mon 25/08/2025,1,43.66,41.44,50.3,
Mon 25/08/2025,2,43.66,42.18,50.3,
Mon 25/08/2025,3,43.08,42.42,50.3,
Mon 25/08/2025,4,43.08,42.11,50.3,
Mon 25/08/2025,5,42.19,43.24,50.3,
Mon 25/08/2025,6,42.19,41.11,50.3,
Mon 25/08/2025,7,42.14,41.94,50.3,
Mon 25/08/2025,8,42.14,41.19,50.3,
Mon 25/08/2025,9,42.77,41.17,50.3,
Mon 25/08/2025,10,42.77,42.51,50.3,
Mon 25/08/2025,11,42.86,42.66,50.3,
Mon 25/08/2025,12,42.86,42,50.3,
Mon 25/08/2025,13,44.78,45.18,50.3,
Mon 25/08/2025,14,44.78,43.54,50.3,
Mon 25/08/2025,15,48.43,46.18,80.15,
Mon 25/08/2025,16,48.43,48.52,80.15,
Mon 25/08/2025,17,51.78,50.2,80.15,
Mon 25/08/2025,18,51.78,53.68,80.15,
Mon 25/08/2025,19,55.23,55.32,80.15,
Mon 25/08/2025,20,55.23,56.32,80.15,
Mon 25/08/2025,21,56.83,56.29,80.15,
Mon 25/08/2025,22,56.83,56.06,80.15,
Mon 25/08/2025,23,56.25,57.58,80.15,
Mon 25/08/2025,24,56.25,56.8,80.15,
Mon 25/08/2025,25,57.24,60.83,80.15,
Mon 25/08/2025,26,57.24,59.92,80.15,
Mon 25/08/2025,27,56.88,58.8,80.15,
Mon 25/08/2025,28,56.88,56.79,80.15,
Mon 25/08/2025,29,54.2,55.51,80.15,
Mon 25/08/2025,30,54.2,56.71,80.15,
Mon 25/08/2025,31,53.26,56.9,80.15,
Mon 25/08/2025,32,53.26,57.72,80.15,
Mon 25/08/2025,33,53.57,59.75,80.15,
Mon 25/08/2025,34,53.57,58.15,80.15,
Mon 25/08/2025,35,53.53,55.53,80.15,
Mon 25/08/2025,36,53.53,54.99,80.15,
Mon 25/08/2025,37,51.6,50.87,80.15,
Mon 25/08/2025,38,51.6,48.31,80.15,
Mon 25/08/2025,39,51.13,50.69,50.3,
Mon 25/08/2025,40,51.13,52.69,50.3,
Mon 25/08/2025,41,50.68,51.33,50.3,
Mon 25/08/2025,42,50.68,50.58,50.3,
Mon 25/08/2025,43,50.32,48.11,50.3,
Mon 25/08/2025,44,50.32,46.66,50.3,
Mon 25/08/2025,45,48.49,44.98,50.3,
Mon 25/08/2025,46,48.49,44.43,50.3,
Mon 25/08/2025,47,46.48,43,50.3,
Mon 25/08/2025,48,46.48,41.4,50.3,
Tue 26/08/2025,1,46.48,42.91,50.3,
Tue 26/08/2025,2,46.48,42.73,50.3,
Tue 26/08/2025,3,46.21,43.67,50.3,
Tue 26/08/2025,4,46.21,43.03,50.3,
Tue 26/08/2025,5,45.54,43.68,50.3,
Tue 26/08/2025,6,45.54,43.58,50.3,
Tue 26/08/2025,7,44.78,43.45,50.3,
Tue 26/08/2025,8,44.78,43.25,50.3,
Tue 26/08/2025,9,45.27,44.12,50.3,
Tue 26/08/2025,10,45.27,44.12,50.3,
Tue 26/08/2025,11,47.55,45.35,50.3,
Tue 26/08/2025,12,47.55,47.52,50.3,
Tue 26/08/2025,13,58.15,54.03,50.3,
Tue 26/08/2025,14,58.15,58.2,50.3,
Tue 26/08/2025,15,71.05,64.23,80.15,
Tue 26/08/2025,16,71.05,69.95,80.15,
Tue 26/08/2025,17,82.68,77.15,80.15,
Tue 26/08/2025,18,82.68,83.27,80.15,
Tue 26/08/2025,19,89.34,87.36,80.15,
Tue 26/08/2025,20,89.34,89.89,80.15,
Tue 26/08/2025,21,88.35,92.37,80.15,
Tue 26/08/2025,22,88.35,94.49,80.15,
Tue 26/08/2025,23,88.22,97.47,80.15,
Tue 26/08/2025,24,88.22,98.03,80.15,
Tue 26/08/2025,25,85.94,97.94,80.15,
Tue 26/08/2025,26,85.94,98.72,80.15,
Tue 26/08/2025,27,83.97,97.47,80.15,
Tue 26/08/2025,28,83.97,97.87,80.15,
Tue 26/08/2025,29,82.14,96.83,80.15,
Tue 26/08/2025,30,82.14,93.83,80.15,
Tue 26/08/2025,31,81.74,92.01,80.15,
Tue 26/08/2025,32,81.74,90.29,80.15,
Tue 26/08/2025,33,77.89,87.27,80.15,
Tue 26/08/2025,34,77.89,82.81,80.15,
Tue 26/08/2025,35,68.68,76.21,80.15,
Tue 26/08/2025,36,68.68,70.76,80.15,
Tue 26/08/2025,37,61.84,65.16,80.15,
Tue 26/08/2025,38,61.84,63.48,80.15,
Tue 26/08/2025,39,59.98,61.76,50.3,
Tue 26/08/2025,40,59.98,60.57,50.3,
Tue 26/08/2025,41,57.79,58.16,50.3,
Tue 26/08/2025,42,57.79,57.15,50.3,
Tue 26/08/2025,43,55.37,55.6,50.3,
Tue 26/08/2025,44,55.37,53.54,50.3,
Tue 26/08/2025,45,50.05,51.06,50.3,
Tue 26/08/2025,46,50.05,49.17,50.3,
Tue 26/08/2025,47,46.66,46.85,50.3,
Tue 26/08/2025,48,46.3,46.02,50.3,
Wed 27/08/2025,1,46.48,45.58,50.31,
Wed 27/08/2025,2,46.48,45.41,50.31,
Wed 27/08/2025,3,46.39,45.74,50.31,
Wed 27/08/2025,4,46.08,45,50.31,
Wed 27/08/2025,5,46.21,45.27,50.31,
Wed 27/08/2025,6,44.91,44.69,50.31,
Wed 27/08/2025,7,44.96,44.51,50.31,
Wed 27/08/2025,8,44.6,44.2,50.31,
Wed 27/08/2025,9,45.27,44.84,50.31,
Wed 27/08/2025,10,45.32,45.1,50.31,
Wed 27/08/2025,11,46.52,45.92,50.31,
Wed 27/08/2025,12,48.62,48.44,50.31,
Wed 27/08/2025,13,55.91,54.4,50.31,
Wed 27/08/2025,14,60.34,58.27,50.31,
Wed 27/08/2025,15,67.97,63.77,80.16,
Wed 27/08/2025,16,74.18,70.74,80.16,
Wed 27/08/2025,17,79.64,77.05,80.16,
Wed 27/08/2025,18,85.76,82.17,80.16,
Wed 27/08/2025,19,89.25,86.64,80.16,
Wed 27/08/2025,20,89.38,88.88,80.16,
Wed 27/08/2025,21,88,89.34,80.16,
Wed 27/08/2025,22,88.71,91.11,80.16,
Wed 27/08/2025,23,88.62,91.26,80.16,
Wed 27/08/2025,24,87.82,90.34,80.16,
Wed 27/08/2025,25,86.48,90.87,80.16,
Wed 27/08/2025,26,85.4,89.55,80.16,
Wed 27/08/2025,27,84.55,87.86,80.16,
Wed 27/08/2025,28,83.39,87.55,80.16,
Wed 27/08/2025,29,82.36,86.38,80.16,
Wed 27/08/2025,30,81.92,85.93,80.16,
Wed 27/08/2025,31,82.1,85.46,80.16,
Wed 27/08/2025,32,81.42,82.12,80.16,
Wed 27/08/2025,33,79.41,79.56,80.16,
Wed 27/08/2025,34,76.37,74.06,80.16,
Wed 27/08/2025,35,70.65,68.28,80.16,
Wed 27/08/2025,36,66.72,66.24,80.16,
Wed 27/08/2025,37,62.42,61.65,80.16,
Wed 27/08/2025,38,61.26,60.41,80.16,
Wed 27/08/2025,39,60.38,59.64,50.31,
Wed 27/08/2025,40,59.53,59.53,50.31,
Wed 27/08/2025,41,58.5,57.63,50.31,
Wed 27/08/2025,42,57.03,56.57,50.31,
Wed 27/08/2025,43,56.58,55.39,50.31,
Wed 27/08/2025,44,54.17,53.45,50.31,
Wed 27/08/2025,45,51.26,50.71,50.31,
Wed 27/08/2025,46,48.85,48.83,50.31,
Wed 27/08/2025,47,46.66,46.96,50.31,
Wed 27/08/2025,48,46.3,46.13,50.31,
Thu 28/08/2025,1,46.48,45.8,50.13,
Thu 28/08/2025,2,46.48,45.32,50.13,
Thu 28/08/2025,3,46.39,45.57,50.13,
Thu 28/08/2025,4,46.08,44.6,50.13,
Thu 28/08/2025,5,46.21,45.52,50.13,
Thu 28/08/2025,6,44.91,45.12,50.13,
Thu 28/08/2025,7,44.96,44.78,50.13,
Thu 28/08/2025,8,44.6,44.46,50.13,
Thu 28/08/2025,9,45.27,44.9,50.13,
Thu 28/08/2025,10,45.32,45.16,50.13,
Thu 28/08/2025,11,46.52,46.53,50.13,
Thu 28/08/2025,12,48.62,48.92,50.13,
Thu 28/08/2025,13,55.91,55.75,50.13,
Thu 28/08/2025,14,60.34,60.14,50.13,
Thu 28/08/2025,15,67.97,66.96,80.16,
Thu 28/08/2025,16,74.18,72.7,80.16,
Thu 28/08/2025,17,79.64,80.02,80.16,
Thu 28/08/2025,18,85.76,86.92,80.16,
Thu 28/08/2025,19,89.25,90.38,80.16,
Thu 28/08/2025,20,89.38,93.46,80.16,
Thu 28/08/2025,21,88,93.6,80.16,
Thu 28/08/2025,22,88.71,95.88,80.16,
Thu 28/08/2025,23,88.62,97.19,80.16,
Thu 28/08/2025,24,87.82,96.11,80.16,
Thu 28/08/2025,25,86.48,96,80.16,
Thu 28/08/2025,26,85.4,95.75,80.16,
Thu 28/08/2025,27,84.55,95.16,80.16,
Thu 28/08/2025,28,83.39,93.35,80.16,
Thu 28/08/2025,29,82.36,93.2,80.16,
Thu 28/08/2025,30,81.92,91.95,80.16,
Thu 28/08/2025,31,82.1,90.14,80.16,
Thu 28/08/2025,32,81.42,88.55,80.16,
Thu 28/08/2025,33,79.41,83.94,80.16,
Thu 28/08/2025,34,76.37,78.52,80.16,
Thu 28/08/2025,35,70.65,74.24,80.16,
Thu 28/08/2025,36,66.72,69.33,80.16,
Thu 28/08/2025,37,62.42,64.49,80.16,
Thu 28/08/2025,38,61.26,63.15,80.16,
Thu 28/08/2025,39,60.38,61.5,50.13,
Thu 28/08/2025,40,59.53,59.95,50.13,
Thu 28/08/2025,41,58.5,58.74,50.13,
Thu 28/08/2025,42,57.03,57.62,50.13,
Thu 28/08/2025,43,56.58,55.96,50.13,
Thu 28/08/2025,44,54.17,53.71,50.13,
Thu 28/08/2025,45,51.26,50.86,50.13,
Thu 28/08/2025,46,48.85,49.18,50.13,
Thu 28/08/2025,47,44.29,47.08,50.13,
Thu 28/08/2025,48,44.38,45.67,50.13,
Fri 29/08/2025,1,44.51,45.71,47.91,
Fri 29/08/2025,2,45.32,45.07,47.91,
Fri 29/08/2025,3,45.85,45.5,47.91,
Fri 29/08/2025,4,44.69,44.42,47.91,
Fri 29/08/2025,5,44.42,44.5,47.91,
Fri 29/08/2025,6,43.8,43.74,47.91,
Fri 29/08/2025,7,43.84,44.04,47.91,
Fri 29/08/2025,8,43.71,43.48,47.91,
Fri 29/08/2025,9,44.11,43.88,47.91,
Fri 29/08/2025,10,44.78,44.56,47.91,
Fri 29/08/2025,11,45.63,45.45,47.91,
Fri 29/08/2025,12,47.46,47.1,47.91,
Fri 29/08/2025,13,54.03,53.92,47.91,
Fri 29/08/2025,14,58.01,58,47.91,
Fri 29/08/2025,15,64.93,63.23,74.1,
Fri 29/08/2025,16,69.93,70.59,74.1,
Fri 29/08/2025,17,76.77,77.55,74.1,
Fri 29/08/2025,18,81.83,83.07,74.1,
Fri 29/08/2025,19,86.16,87.28,74.1,
Fri 29/08/2025,20,86.83,87.47,74.1,
Fri 29/08/2025,21,87.37,90.64,74.1,
Fri 29/08/2025,22,85.81,92.15,74.1,
Fri 29/08/2025,23,82.86,90.35,74.1,
Fri 29/08/2025,24,82.23,89.4,74.1,
Fri 29/08/2025,25,80.8,88.33,74.1,
Fri 29/08/2025,26,80.4,88.19,74.1,
Fri 29/08/2025,27,79.28,86.95,74.1,
Fri 29/08/2025,28,77.04,84.44,74.1,
Fri 29/08/2025,29,75.17,83.66,74.1,
Fri 29/08/2025,30,73.2,82.31,74.1,
Fri 29/08/2025,31,71.63,79.91,74.1,
Fri 29/08/2025,32,69.22,76.77,74.1,
Fri 29/08/2025,33,67.25,72.94,74.1,
Fri 29/08/2025,34,65.69,70.51,74.1,
Fri 29/08/2025,35,62.74,66.91,74.1,
Fri 29/08/2025,36,59.65,64.22,74.1,
Fri 29/08/2025,37,56.12,59.92,74.1,
Fri 29/08/2025,38,55.49,58.34,74.1,
Fri 29/08/2025,39,54.84,57.06,47.91,
Fri 29/08/2025,40,54.35,56.38,47.91,
Fri 29/08/2025,41,53.54,54.79,47.91,
Fri 29/08/2025,42,52.38,53.82,47.91,
Fri 29/08/2025,43,51.53,52.37,47.91,
Fri 29/08/2025,44,50.32,51.74,47.91,
Fri 29/08/2025,45,48.13,49.15,47.91,
Fri 29/08/2025,46,46.16,47.26,47.91,
Fri 29/08/2025,47,44.69,45.44,47.91,
Fri 29/08/2025,48,43.84,44.33,47.91,
Sat 30/08/2025,1,44.73,43.83,49.05,
Sat 30/08/2025,2,44.96,43.31,49.05,
Sat 30/08/2025,3,45.27,43.31,49.05,
Sat 30/08/2025,4,44.33,42.27,49.05,
Sat 30/08/2025,5,43.97,42.43,49.05,
Sat 30/08/2025,6,43.66,41.88,49.05,
Sat 30/08/2025,7,43.21,41.81,49.05,
Sat 30/08/2025,8,42.72,41.05,49.05,
Sat 30/08/2025,9,42.81,40.89,49.05,
Sat 30/08/2025,10,42.77,41.18,49.05,
Sat 30/08/2025,11,42.9,41.16,49.05,
Sat 30/08/2025,12,42.99,41.79,49.05,
Sat 30/08/2025,13,44.64,43.54,49.05,
Sat 30/08/2025,14,46.25,44.84,49.05,
Sat 30/08/2025,15,48.31,47.15,49.05,
Sat 30/08/2025,16,49.12,47.93,49.05,
Sat 30/08/2025,17,51.08,51.19,49.05,
Sat 30/08/2025,18,55.96,55.07,49.05,
Sat 30/08/2025,19,57.52,58.25,49.05,
Sat 30/08/2025,20,57.61,57.99,49.05,
Sat 30/08/2025,21,57.48,58.01,49.05,
Sat 30/08/2025,22,58.59,58.49,49.05,
Sat 30/08/2025,23,57.97,59.59,49.05,
Sat 30/08/2025,24,56.76,59.95,49.05,
Sat 30/08/2025,25,55.11,59.01,49.05,
Sat 30/08/2025,26,54.48,59,49.05,
Sat 30/08/2025,27,53.36,57.79,49.05,
Sat 30/08/2025,28,52.47,57,49.05,
Sat 30/08/2025,29,50.86,56.18,49.05,
Sat 30/08/2025,30,50.41,56.41,49.05,
Sat 30/08/2025,31,50.5,56.46,49.05,
Sat 30/08/2025,32,51.35,56.66,49.05,
Sat 30/08/2025,33,51.13,56.25,49.05,
Sat 30/08/2025,34,51.17,55.96,49.05,
Sat 30/08/2025,35,50.99,54.59,49.05,
Sat 30/08/2025,36,50.23,53.24,49.05,
Sat 30/08/2025,37,48.67,50.76,49.05,
Sat 30/08/2025,38,48.71,50.46,49.05,
Sat 30/08/2025,39,49.07,50.12,49.05,
Sat 30/08/2025,40,49.43,49.98,49.05,
Sat 30/08/2025,41,48.27,49.03,49.05,
Sat 30/08/2025,42,48.67,48.45,49.05,
Sat 30/08/2025,43,48.53,47.57,49.05,
Sat 30/08/2025,44,47.51,47.13,49.05,
Sat 30/08/2025,45,46.3,46.34,49.05,
Sat 30/08/2025,46,44.87,44.97,49.05,
Sat 30/08/2025,47,43.29,44.13,49.05,
Sat 30/08/2025,48,43.29,43.15,49.05,
Sun 31/08/2025,1,41.82,43.58,44.67,
Sun 31/08/2025,2,41.82,42.9,44.67,
Sun 31/08/2025,3,41.33,42.58,44.67,
Sun 31/08/2025,4,41.33,41.06,44.67,
Sun 31/08/2025,5,40.43,41.28,44.67,
Sun 31/08/2025,6,40.43,40.42,44.67,
Sun 31/08/2025,7,39.63,40.26,44.67,
Sun 31/08/2025,8,39.63,40.04,44.67,
Sun 31/08/2025,9,39.72,39.97,44.67,
Sun 31/08/2025,10,39.72,39.82,44.67,
Sun 31/08/2025,11,39.63,39.88,44.67,
Sun 31/08/2025,12,39.63,39.99,44.67,
Sun 31/08/2025,13,40.48,40.74,44.67,
Sun 31/08/2025,14,40.48,41.19,44.67,
Sun 31/08/2025,15,41.64,42.25,44.67,
Sun 31/08/2025,16,41.64,42.96,44.67,
Sun 31/08/2025,17,43.61,43.94,44.67,
Sun 31/08/2025,18,43.61,46.07,44.67,
Sun 31/08/2025,19,47.23,48.87,44.67,
Sun 31/08/2025,20,47.23,49.49,44.67,
Sun 31/08/2025,21,48.66,51.05,44.67,
Sun 31/08/2025,22,48.66,51.92,44.67,
Sun 31/08/2025,23,49.87,53.07,44.67,
Sun 31/08/2025,24,49.87,53.16,44.67,
Sun 31/08/2025,25,49.2,53.81,44.67,
Sun 31/08/2025,26,49.2,52.86,44.67,
Sun 31/08/2025,27,48.35,52.49,44.67,
Sun 31/08/2025,28,48.35,52.94,44.67,
Sun 31/08/2025,29,47.85,52.64,44.67,
Sun 31/08/2025,30,47.85,52.16,44.67,
Sun 31/08/2025,31,48.3,52.44,44.67,
Sun 31/08/2025,32,48.3,52.51,44.67,
Sun 31/08/2025,33,47.14,51.76,44.67,
Sun 31/08/2025,34,47.14,51.37,44.67,
Sun 31/08/2025,35,46.69,51.24,44.67,
Sun 31/08/2025,36,46.69,50.81,44.67,
Sun 31/08/2025,37,45.17,49.64,44.67,
Sun 31/08/2025,38,45.17,49.2,44.67,
Sun 31/08/2025,39,46.51,49.31,44.67,
Sun 31/08/2025,40,46.51,48.88,44.67,
Sun 31/08/2025,41,46.29,48.14,44.67,
Sun 31/08/2025,42,46.29,47.42,44.67,
Sun 31/08/2025,43,45.75,47.4,44.67,
Sun 31/08/2025,44,45.75,47.47,44.67,
Sun 31/08/2025,45,44.05,46.7,44.67,
Sun 31/08/2025,46,44.05,45.25,44.67,
Sun 31/08/2025,47,42.67,44.25,44.67,
Sun 31/08/2025,48,42.67,43.84,44.67,
Mon 01/09/2025,1,45.04,43.68,49.75,
Mon 01/09/2025,2,45.04,43.45,49.75,
Mon 01/09/2025,3,44.95,43.43,49.75,
Mon 01/09/2025,4,44.95,42.51,49.75,
Mon 01/09/2025,5,44.63,43.22,49.75,
Mon 01/09/2025,6,44.63,43.22,49.75,
Mon 01/09/2025,7,44.01,43.25,49.75,
Mon 01/09/2025,8,44.01,43.06,49.75,
Mon 01/09/2025,9,44.59,43.45,49.75,
Mon 01/09/2025,10,44.59,43.64,49.75,
Mon 01/09/2025,11,47.23,45.28,49.75,
Mon 01/09/2025,12,47.23,47.8,49.75,
Mon 01/09/2025,13,58.09,54.97,49.75,
Mon 01/09/2025,14,58.09,59.51,49.75,
Mon 01/09/2025,15,71.27,66.4,81.76,
Mon 01/09/2025,16,71.27,72.47,81.76,
Mon 01/09/2025,17,84.72,80.45,81.76,
Mon 01/09/2025,18,84.72,86,81.76,
Mon 01/09/2025,19,91.52,90.23,81.76,
Mon 01/09/2025,20,91.52,91.89,81.76,
Mon 01/09/2025,21,91.07,91.98,81.76,
Mon 01/09/2025,22,91.07,93.04,81.76,
Mon 01/09/2025,23,90.09,92.08,81.76,
Mon 01/09/2025,24,90.09,90.67,81.76,
Mon 01/09/2025,25,88.12,89.81,81.76,
Mon 01/09/2025,26,88.12,90.36,81.76,
Mon 01/09/2025,27,86.65,89,81.76,
Mon 01/09/2025,28,86.65,86.78,81.76,
Mon 01/09/2025,29,84.9,85.95,81.76,
Mon 01/09/2025,30,84.9,86.09,81.76,
Mon 01/09/2025,31,82.89,83.7,81.76,
Mon 01/09/2025,32,82.89,83.46,81.76,
Mon 01/09/2025,33,78.24,79.12,81.76,
Mon 01/09/2025,34,78.24,75.45,81.76,
Mon 01/09/2025,35,69.75,71.63,81.76,
Mon 01/09/2025,36,69.75,67.95,81.76,
Mon 01/09/2025,37,61.92,63.78,81.76,
Mon 01/09/2025,38,61.92,62.36,81.76,
Mon 01/09/2025,39,59.57,60.5,49.75,
Mon 01/09/2025,40,59.57,59.61,49.75,
Mon 01/09/2025,41,57.51,58.47,49.75,
Mon 01/09/2025,42,57.51,58,49.75,
Mon 01/09/2025,43,54.69,56.6,49.75,
Mon 01/09/2025,44,54.69,54.53,49.75,
Mon 01/09/2025,45,49.82,51.89,49.75,
Mon 01/09/2025,46,49.82,49.38,49.75,
Mon 01/09/2025,47,47.14,47.55,49.75,
Mon 01/09/2025,48,46.51,46.81,49.75,
Tue 02/09/2025,1,44.86,47.01,49.62,
Tue 02/09/2025,2,45.17,46.77,49.62,
Tue 02/09/2025,3,45.31,46.92,49.62,
Tue 02/09/2025,4,44.55,45.84,49.62,
Tue 02/09/2025,5,44.77,46.61,49.62,
Tue 02/09/2025,6,44.41,46.46,49.62,
Tue 02/09/2025,7,44.14,46.47,49.62,
Tue 02/09/2025,8,43.83,45.92,49.62,
Tue 02/09/2025,9,44.46,46.27,49.62,
Tue 02/09/2025,10,44.72,46.57,49.62,
Tue 02/09/2025,11,45.98,47.43,49.62,
Tue 02/09/2025,12,48.39,50.23,49.62,
Tue 02/09/2025,13,55.72,57.74,49.62,
Tue 02/09/2025,14,60.37,63.41,49.62,
Tue 02/09/2025,15,68.23,71.31,81.72,
Tue 02/09/2025,16,74.26,78.78,81.72,
Tue 02/09/2025,17,81.86,87.29,81.72,
Tue 02/09/2025,18,87.49,93.25,81.72,
Tue 02/09/2025,19,91.03,97.1,81.72,
Tue 02/09/2025,20,91.92,98.21,81.72,
Tue 02/09/2025,21,90.94,98.84,81.72,
Tue 02/09/2025,22,91.12,99.72,81.72,
Tue 02/09/2025,23,90.4,101.03,81.72,
Tue 02/09/2025,24,89.69,98.91,81.72,
Tue 02/09/2025,25,88.03,97.59,81.72,
Tue 02/09/2025,26,88.08,96.69,81.72,
Tue 02/09/2025,27,87,94.99,81.72,
Tue 02/09/2025,28,86.2,94.35,81.72,
Tue 02/09/2025,29,85.13,93.78,81.72,
Tue 02/09/2025,30,84.63,91.23,81.72,
Tue 02/09/2025,31,83.34,89.65,81.72,
Tue 02/09/2025,32,82.35,88.93,81.72,
Tue 02/09/2025,33,79.63,86.36,81.72,
Tue 02/09/2025,34,76.81,81.66,81.72,
Tue 02/09/2025,35,72.29,76.09,81.72,
Tue 02/09/2025,36,67.15,71.65,81.72,
Tue 02/09/2025,37,62.46,67.02,81.72,
Tue 02/09/2025,38,61.34,65.45,81.72,
Tue 02/09/2025,39,59.88,63.09,49.62,
Tue 02/09/2025,40,59.12,62.14,49.62,
Tue 02/09/2025,41,57.91,60.4,49.62,
Tue 02/09/2025,42,56.97,58.95,49.62,
Tue 02/09/2025,43,55.9,57.27,49.62,
Tue 02/09/2025,44,53.44,55.2,49.62,
Tue 02/09/2025,45,50.98,52.62,49.62,
Tue 02/09/2025,46,48.66,50.32,49.62,
Tue 02/09/2025,47,45.57,48.03,49.62,
Tue 02/09/2025,48,45.71,47.1,49.62,
Wed 03/09/2025,1,45.8,47.08,50.34,
Wed 03/09/2025,2,45.93,47.03,50.34,
Wed 03/09/2025,3,46.29,47.67,50.34,
Wed 03/09/2025,4,45.57,46.36,50.34,
Wed 03/09/2025,5,45.8,46.74,50.34,
Wed 03/09/2025,6,45.08,46.03,50.34,
Wed 03/09/2025,7,44.86,46.23,50.34,
Wed 03/09/2025,8,44.55,46.14,50.34,
Wed 03/09/2025,9,45.22,46.89,50.34,
Wed 03/09/2025,10,45.44,47.08,50.34,
Wed 03/09/2025,11,46.6,48.12,50.34,
Wed 03/09/2025,12,49.02,50.9,50.34,
Wed 03/09/2025,13,56.35,58.16,50.34,
Wed 03/09/2025,14,61.13,62.81,50.34,
Wed 03/09/2025,15,68.99,69.45,83.34,
Wed 03/09/2025,16,75.47,77.09,83.34,
Wed 03/09/2025,17,82.09,81.7,83.34,
Wed 03/09/2025,18,87.9,87.34,83.34,
Wed 03/09/2025,19,91.56,91.5,83.34,
Wed 03/09/2025,20,93.31,91.73,83.34,
Wed 03/09/2025,21,92.59,92.89,83.34,
Wed 03/09/2025,22,93.22,94.06,83.34,
Wed 03/09/2025,23,93.53,94.91,83.34,
Wed 03/09/2025,24,92.68,94.27,83.34,
Wed 03/09/2025,25,91.38,94.18,83.34,
Wed 03/09/2025,26,90.54,93.09,83.34,
Wed 03/09/2025,27,89.55,91.53,83.34,
Wed 03/09/2025,28,88.7,90.62,83.34,
Wed 03/09/2025,29,87.67,88.93,83.34,
Wed 03/09/2025,30,86.87,87.86,83.34,
Wed 03/09/2025,31,85.57,87.76,83.34,
Wed 03/09/2025,32,84.59,87.09,83.34,
Wed 03/09/2025,33,81.64,84.43,83.34,
Wed 03/09/2025,34,77.88,80,83.34,
Wed 03/09/2025,35,72.29,74.08,83.34,
Wed 03/09/2025,36,67.51,70.37,83.34,
Wed 03/09/2025,37,62.95,65.98,83.34,
Wed 03/09/2025,38,61.79,64.59,83.34,
Wed 03/09/2025,39,60.55,62.27,50.34,
Wed 03/09/2025,40,59.7,61.94,50.34,
Wed 03/09/2025,41,58.58,60.23,50.34,
Wed 03/09/2025,42,57.47,58.85,50.34,
Wed 03/09/2025,43,56.26,57.61,50.34,
Wed 03/09/2025,44,53.84,55.51,50.34,
Wed 03/09/2025,45,51.3,52.52,50.34,
Wed 03/09/2025,46,49.11,50.46,50.34,
Wed 03/09/2025,47,47.18,48.26,50.34,
Wed 03/09/2025,48,46.51,47.22,50.34,
Thu 04/09/2025,1,45.8,45.47,50.28,
Thu 04/09/2025,2,45.93,45.19,50.28,
Thu 04/09/2025,3,46.29,45.44,50.28,
Thu 04/09/2025,4,45.57,44.51,50.28,
Thu 04/09/2025,5,45.8,44.76,50.28,
Thu 04/09/2025,6,45.08,44.27,50.28,
Thu 04/09/2025,7,44.86,43.98,50.28,
Thu 04/09/2025,8,44.55,43.79,50.28,
Thu 04/09/2025,9,45.22,44.45,50.28,
Thu 04/09/2025,10,45.44,44.38,50.28,
Thu 04/09/2025,11,46.6,45.55,50.28,
Thu 04/09/2025,12,49.02,47.87,50.28,
Thu 04/09/2025,13,56.35,55.21,50.28,
Thu 04/09/2025,14,61.13,61.09,50.28,
Thu 04/09/2025,15,68.99,69.7,83.34,
Thu 04/09/2025,16,75.47,77.09,83.34,
Thu 04/09/2025,17,82.09,85.18,83.34,
Thu 04/09/2025,18,87.9,91.66,83.34,
Thu 04/09/2025,19,91.56,96.08,83.34,
Thu 04/09/2025,20,93.31,99.35,83.34,
Thu 04/09/2025,21,92.59,100.06,83.34,
Thu 04/09/2025,22,93.22,102,83.34,
Thu 04/09/2025,23,93.53,103.94,83.34,
Thu 04/09/2025,24,92.68,102.32,83.34,
Thu 04/09/2025,25,91.38,100.9,83.34,
Thu 04/09/2025,26,90.54,100.04,83.34,
Thu 04/09/2025,27,89.55,98.03,83.34,
Thu 04/09/2025,28,88.7,96.9,83.34,
Thu 04/09/2025,29,87.67,95.7,83.34,
Thu 04/09/2025,30,86.87,92.28,83.34,
Thu 04/09/2025,31,85.57,89.69,83.34,
Thu 04/09/2025,32,84.59,89.45,83.34,
Thu 04/09/2025,33,81.64,86.21,83.34,
Thu 04/09/2025,34,77.88,81.52,83.34,
Thu 04/09/2025,35,72.29,75.8,83.34,
Thu 04/09/2025,36,67.51,71.66,83.34,
Thu 04/09/2025,37,62.95,66.43,83.34,
Thu 04/09/2025,38,61.79,65.09,83.34,
Thu 04/09/2025,39,60.55,62.5,50.28,
Thu 04/09/2025,40,59.7,61.17,50.28,
Thu 04/09/2025,41,58.58,60.26,50.28,
Thu 04/09/2025,42,57.47,58.71,50.28,
Thu 04/09/2025,43,56.26,56.36,50.28,
Thu 04/09/2025,44,53.84,54.25,50.28,
Thu 04/09/2025,45,51.3,52.07,50.28,
Thu 04/09/2025,46,49.11,49.61,50.28,
Thu 04/09/2025,47,46.02,47.26,50.28,
Thu 04/09/2025,48,46.16,45.98,50.28,
Fri 05/09/2025,1,46.24,46.22,49.57,
Fri 05/09/2025,2,46.38,45.95,49.57,
Fri 05/09/2025,3,47.05,46.79,49.57,
Fri 05/09/2025,4,46.42,45.38,49.57,
Fri 05/09/2025,5,46.16,45.56,49.57,
Fri 05/09/2025,6,45.8,45.63,49.57,
Fri 05/09/2025,7,45.75,45.45,49.57,
Fri 05/09/2025,8,45.48,45.19,49.57,
Fri 05/09/2025,9,45.89,45.37,49.57,
Fri 05/09/2025,10,46.42,45.46,49.57,
Fri 05/09/2025,11,47.45,46.25,49.57,
Fri 05/09/2025,12,49.51,48.25,49.57,
Fri 05/09/2025,13,56.53,55.04,49.57,
Fri 05/09/2025,14,61.04,59.73,49.57,
Fri 05/09/2025,15,67.51,66.66,77.83,
Fri 05/09/2025,16,73.5,73.63,77.83,
Fri 05/09/2025,17,79.13,80.39,77.83,
Fri 05/09/2025,18,84.23,86.52,77.83,
Fri 05/09/2025,19,88.48,90.92,77.83,
Fri 05/09/2025,20,89.6,92.18,77.83,
Fri 05/09/2025,21,90.85,93.2,77.83,
Fri 05/09/2025,22,90.45,92.9,77.83,
Fri 05/09/2025,23,87.54,90.79,77.83,
Fri 05/09/2025,24,87.41,89.18,77.83,
Fri 05/09/2025,25,85.71,88.68,77.83,
Fri 05/09/2025,26,85.66,89.02,77.83,
Fri 05/09/2025,27,83.87,86.5,77.83,
Fri 05/09/2025,28,81.77,83.97,77.83,
Fri 05/09/2025,29,80.21,82.76,77.83,
Fri 05/09/2025,30,77.79,80.35,77.83,
Fri 05/09/2025,31,76.41,77.18,77.83,
Fri 05/09/2025,32,73.5,74.63,77.83,
Fri 05/09/2025,33,70.73,72.54,77.83,
Fri 05/09/2025,34,69.12,70.25,77.83,
Fri 05/09/2025,35,65.68,67.49,77.83,
Fri 05/09/2025,36,62.23,64.83,77.83,
Fri 05/09/2025,37,58.61,61.1,77.83,
Fri 05/09/2025,38,57.94,60.14,77.83,
Fri 05/09/2025,39,56.66,57.99,49.57,
Fri 05/09/2025,40,56.26,57.38,49.57,
Fri 05/09/2025,41,55.1,55.81,49.57,
Fri 05/09/2025,42,54.11,54.74,49.57,
Fri 05/09/2025,43,52.95,52.9,49.57,
Fri 05/09/2025,44,51.43,51.77,49.57,
Fri 05/09/2025,45,49.42,49.98,49.57,
Fri 05/09/2025,46,47.32,48.05,49.57,
Fri 05/09/2025,47,45.53,45.7,49.57,
Fri 05/09/2025,48,44.72,44.5,49.57,
Sat 06/09/2025,1,44.46,44.49,50.18,
Sat 06/09/2025,2,44.37,44.02,50.18,
Sat 06/09/2025,3,44.5,45.02,50.18,
Sat 06/09/2025,4,43.74,43.49,50.18,
Sat 06/09/2025,5,43.61,43.66,50.18,
Sat 06/09/2025,6,43.29,43.54,50.18,
Sat 06/09/2025,7,43.07,43.42,50.18,
Sat 06/09/2025,8,42.67,43.08,50.18,
Sat 06/09/2025,9,42.76,43.25,50.18,
Sat 06/09/2025,10,42.89,42.56,50.18,
Sat 06/09/2025,11,43.25,42.71,50.18,
Sat 06/09/2025,12,43.52,43.64,50.18,
Sat 06/09/2025,13,45.08,45.28,50.18,
Sat 06/09/2025,14,46.6,46.78,50.18,
Sat 06/09/2025,15,48.7,48.55,50.18,
Sat 06/09/2025,16,49.69,50.72,50.18,
Sat 06/09/2025,17,51.92,53.57,50.18,
Sat 06/09/2025,18,56.84,57.66,50.18,
Sat 06/09/2025,19,59.25,59.91,50.18,
Sat 06/09/2025,20,59.34,60.84,50.18,
Sat 06/09/2025,21,59.43,61.14,50.18,
Sat 06/09/2025,22,60.77,62.02,50.18,
Sat 06/09/2025,23,60.82,63.25,50.18,
Sat 06/09/2025,24,59.88,62.95,50.18,
Sat 06/09/2025,25,58.54,62.22,50.18,
Sat 06/09/2025,26,57.47,61.48,50.18,
Sat 06/09/2025,27,56.57,61.85,50.18,
Sat 06/09/2025,28,55.72,60.29,50.18,
Sat 06/09/2025,29,54.29,60.15,50.18,
Sat 06/09/2025,30,53.8,59.72,50.18,
Sat 06/09/2025,31,53.8,59.58,50.18,
Sat 06/09/2025,32,54.25,59.33,50.18,
Sat 06/09/2025,33,53.84,59.61,50.18,
Sat 06/09/2025,34,53.62,59.41,50.18,
Sat 06/09/2025,35,52.82,57.8,50.18,
Sat 06/09/2025,36,51.88,55.89,50.18,
Sat 06/09/2025,37,49.91,53.66,50.18,
Sat 06/09/2025,38,49.73,53.05,50.18,
Sat 06/09/2025,39,49.78,52.12,50.18,
Sat 06/09/2025,40,49.96,51.22,50.18,
Sat 06/09/2025,41,48.88,50.8,50.18,
Sat 06/09/2025,42,48.88,50.39,50.18,
Sat 06/09/2025,43,48.75,50.2,50.18,
Sat 06/09/2025,44,47.68,49.72,50.18,
Sat 06/09/2025,45,46.33,48.26,50.18,
Sat 06/09/2025,46,44.86,46.41,50.18,
Sat 06/09/2025,47,43.34,44.47,50.18,
Sat 06/09/2025,48,43.34,43.79,50.18,
Sun 07/09/2025,1,42.35,43.61,44.67,
Sun 07/09/2025,2,42.35,42.88,44.67,
Sun 07/09/2025,3,41.33,42.68,44.67,
Sun 07/09/2025,4,41.33,40.86,44.67,
Sun 07/09/2025,5,40.34,41.07,44.67,
Sun 07/09/2025,6,40.34,40.74,44.67,
Sun 07/09/2025,7,39.72,40.65,44.67,
Sun 07/09/2025,8,39.72,40.36,44.67,
Sun 07/09/2025,9,39.49,40.19,44.67,
Sun 07/09/2025,10,39.49,39.59,44.67,
Sun 07/09/2025,11,39.05,39.54,44.67,
Sun 07/09/2025,12,39.05,39.62,44.67,
Sun 07/09/2025,13,40.07,40.16,44.67,
Sun 07/09/2025,14,40.07,40.98,44.67,
Sun 07/09/2025,15,41.82,42.41,44.67,
Sun 07/09/2025,16,41.82,42.87,44.67,
Sun 07/09/2025,17,44.59,43.8,44.67,
Sun 07/09/2025,18,44.59,46.26,44.67,
Sun 07/09/2025,19,48.52,48.67,44.67,
Sun 07/09/2025,20,48.52,49.9,44.67,
Sun 07/09/2025,21,49.28,50.57,44.67,
Sun 07/09/2025,22,49.28,51.08,44.67,
Sun 07/09/2025,23,50.31,52.48,44.67,
Sun 07/09/2025,24,50.31,52.36,44.67,
Sun 07/09/2025,25,49.82,53.59,44.67,
Sun 07/09/2025,26,49.82,53.31,44.67,
Sun 07/09/2025,27,48.75,53.12,44.67,
Sun 07/09/2025,28,48.75,53.67,44.67,
Sun 07/09/2025,29,48.03,53.53,44.67,
Sun 07/09/2025,30,48.03,53.37,44.67,
Sun 07/09/2025,31,47.63,52.8,44.67,
Sun 07/09/2025,32,47.63,51.97,44.67,
Sun 07/09/2025,33,46.78,51.56,44.67,
Sun 07/09/2025,34,46.78,50.88,44.67,
Sun 07/09/2025,35,46.38,50.4,44.67,
Sun 07/09/2025,36,46.38,50.32,44.67,
Sun 07/09/2025,37,44.95,49.12,44.67,
Sun 07/09/2025,38,44.95,49.64,44.67,
Sun 07/09/2025,39,46.07,49.19,44.67,
Sun 07/09/2025,40,46.07,48.71,44.67,
Sun 07/09/2025,41,45.39,48.34,44.67,
Sun 07/09/2025,42,45.39,48.18,44.67,
Sun 07/09/2025,43,45.35,47.83,44.67,
Sun 07/09/2025,44,45.35,47.6,44.67,
Sun 07/09/2025,45,43.61,46.72,44.67,
Sun 07/09/2025,46,43.61,44.79,44.67,
Sun 07/09/2025,47,42.53,44.22,44.67,
Sun 07/09/2025,48,42.53,43.19,44.67,
Mon 08/09/2025,1,43.7,42.86,49.14,
Mon 08/09/2025,2,43.7,42.82,49.14,
Mon 08/09/2025,3,43.92,43.06,49.14,
Mon 08/09/2025,4,43.92,42.13,49.14,
Mon 08/09/2025,5,43.7,42.73,49.14,
Mon 08/09/2025,6,43.7,42.27,49.14,
Mon 08/09/2025,7,43.16,42.15,49.14,
Mon 08/09/2025,8,43.16,42.43,49.14,
Mon 08/09/2025,9,43.87,42.69,49.14,
Mon 08/09/2025,10,43.87,42.78,49.14,
Mon 08/09/2025,11,46.16,44.35,49.14,
Mon 08/09/2025,12,46.16,46.94,49.14,
Mon 08/09/2025,13,55.77,54.52,49.14,
Mon 08/09/2025,14,55.77,60.09,49.14,
Mon 08/09/2025,15,66.93,67.24,83,
Mon 08/09/2025,16,66.93,73.89,83,
Mon 08/09/2025,17,79.76,81.97,83,
Mon 08/09/2025,18,79.76,87.39,83,
Mon 08/09/2025,19,87.85,92.13,83,
Mon 08/09/2025,20,87.85,93.88,83,
Mon 08/09/2025,21,91.03,94.79,83,
Mon 08/09/2025,22,91.03,96.13,83,
Mon 08/09/2025,23,93.49,96.1,83,
Mon 08/09/2025,24,93.49,94.05,83,
Mon 08/09/2025,25,93.58,93.61,83,
Mon 08/09/2025,26,93.58,94.74,83,
Mon 08/09/2025,27,92.06,93.15,83,
Mon 08/09/2025,28,92.06,90.55,83,
Mon 08/09/2025,29,90.09,89.75,83,
Mon 08/09/2025,30,90.09,89.15,83,
Mon 08/09/2025,31,87.09,87.44,83,
Mon 08/09/2025,32,87.09,86.82,83,
Mon 08/09/2025,33,80.61,82.96,83,
Mon 08/09/2025,34,80.61,78.98,83,
Mon 08/09/2025,35,70.55,74.67,83,
Mon 08/09/2025,36,70.55,70.64,83,
Mon 08/09/2025,37,62.99,66.05,83,
Mon 08/09/2025,38,62.99,64.1,83,
Mon 08/09/2025,39,60.77,62.01,49.14,
Mon 08/09/2025,40,60.77,60.63,49.14,
Mon 08/09/2025,41,57.91,59.02,49.14,
Mon 08/09/2025,42,57.91,57.73,49.14,
Mon 08/09/2025,43,54.96,56,49.14,
Mon 08/09/2025,44,54.96,53.84,49.14,
Mon 08/09/2025,45,50.18,50.78,49.14,
Mon 08/09/2025,46,50.18,48.48,49.14,
Mon 08/09/2025,47,45.53,46.52,49.14,
Mon 08/09/2025,48,45.62,45.28,49.14,
Tue 09/09/2025,1,45.75,44.5,49.93,
Tue 09/09/2025,2,45.13,44.28,49.93,
Tue 09/09/2025,3,45.75,44.48,49.93,
Tue 09/09/2025,4,44.81,43.15,49.93,
Tue 09/09/2025,5,45.35,43.34,49.93,
Tue 09/09/2025,6,44.81,42.82,49.93,
Tue 09/09/2025,7,44.5,42.69,49.93,
Tue 09/09/2025,8,44.05,42.7,49.93,
Tue 09/09/2025,9,44.55,42.89,49.93,
Tue 09/09/2025,10,44.86,42.6,49.93,
Tue 09/09/2025,11,46.02,44.09,49.93,
Tue 09/09/2025,12,48.48,46.26,49.93,
Tue 09/09/2025,13,54.78,54.2,49.93,
Tue 09/09/2025,14,58.85,59.87,49.93,
Tue 09/09/2025,15,65.19,67.99,82.58,
Tue 09/09/2025,16,71.53,74.13,82.58,
Tue 09/09/2025,17,78.51,81.97,82.58,
Tue 09/09/2025,18,84.59,87.18,82.58,
Tue 09/09/2025,19,88.61,89.4,82.58,
Tue 09/09/2025,20,90.67,89.67,82.58,
Tue 09/09/2025,21,90.76,89.99,82.58,
Tue 09/09/2025,22,92.68,91.22,82.58,
Tue 09/09/2025,23,93.31,91.98,82.58,
Tue 09/09/2025,24,92.46,91.25,82.58,
Tue 09/09/2025,25,92.5,90.32,82.58,
Tue 09/09/2025,26,91.65,90.24,82.58,
Tue 09/09/2025,27,90.62,88.51,82.58,
Tue 09/09/2025,28,89.51,86.58,82.58,
Tue 09/09/2025,29,88.66,85.85,82.58,
Tue 09/09/2025,30,87.85,83.44,82.58,
Tue 09/09/2025,31,86.73,82.66,82.58,
Tue 09/09/2025,32,84.77,81.8,82.58,
Tue 09/09/2025,33,81.01,80.21,82.58,
Tue 09/09/2025,34,76,76.82,82.58,
Tue 09/09/2025,35,71.18,72.33,82.58,
Tue 09/09/2025,36,67.78,68.12,82.58,
Tue 09/09/2025,37,63.26,63.87,82.58,
Tue 09/09/2025,38,62.06,62.41,82.58,
Tue 09/09/2025,39,60.82,60.62,49.93,
Tue 09/09/2025,40,60.06,59.71,49.93,
Tue 09/09/2025,41,58.63,58.34,49.93,
Tue 09/09/2025,42,57.69,57.27,49.93,
Tue 09/09/2025,43,56.17,55.76,49.93,
Tue 09/09/2025,44,53.98,53.91,49.93,
Tue 09/09/2025,45,51.21,51.56,49.93,
Tue 09/09/2025,46,49.24,49.01,49.93,
Tue 09/09/2025,47,47.09,47.26,49.93,
Tue 09/09/2025,48,45.84,46.14,49.93,
Wed 10/09/2025,1,45.75,46.08,49.93,
Wed 10/09/2025,2,45.13,45.46,49.93,
Wed 10/09/2025,3,45.75,46.13,49.93,
Wed 10/09/2025,4,44.81,44.79,49.93,
Wed 10/09/2025,5,45.35,45.25,49.93,
Wed 10/09/2025,6,44.81,44.05,49.93,
Wed 10/09/2025,7,44.5,44.2,49.93,
Wed 10/09/2025,8,44.05,44.3,49.93,
Wed 10/09/2025,9,44.55,44.83,49.93,
Wed 10/09/2025,10,44.86,44.72,49.93,
Wed 10/09/2025,11,46.02,45.86,49.93,
Wed 10/09/2025,12,48.48,48.3,49.93,
Wed 10/09/2025,13,54.78,55.22,49.93,
Wed 10/09/2025,14,58.85,60.02,49.93,
Wed 10/09/2025,15,65.19,67.46,82.58,
Wed 10/09/2025,16,71.53,74.95,82.58,
Wed 10/09/2025,17,78.51,80.4,82.58,
Wed 10/09/2025,18,84.59,85.96,82.58,
Wed 10/09/2025,19,88.61,89.49,82.58,
Wed 10/09/2025,20,90.67,90.48,82.58,
Wed 10/09/2025,21,90.76,90.68,82.58,
Wed 10/09/2025,22,92.68,91.04,82.58,
Wed 10/09/2025,23,93.31,90.94,82.58,
Wed 10/09/2025,24,92.46,89.91,82.58,
Wed 10/09/2025,25,92.5,89.84,82.58,
Wed 10/09/2025,26,91.65,88.25,82.58,
Wed 10/09/2025,27,90.62,86.86,82.58,
Wed 10/09/2025,28,89.51,85.4,82.58,
Wed 10/09/2025,29,88.66,83.93,82.58,
Wed 10/09/2025,30,87.85,83.55,82.58,
Wed 10/09/2025,31,86.73,83.91,82.58,
Wed 10/09/2025,32,84.77,83.57,82.58,
Wed 10/09/2025,33,81.01,81.42,82.58,
Wed 10/09/2025,34,76,77.97,82.58,
Wed 10/09/2025,35,71.18,71.98,82.58,
Wed 10/09/2025,36,67.78,68.96,82.58,
Wed 10/09/2025,37,63.26,64.63,82.58,
Wed 10/09/2025,38,62.06,63.15,82.58,
Wed 10/09/2025,39,60.82,61.3,49.93,
Wed 10/09/2025,40,60.06,60.57,49.93,
Wed 10/09/2025,41,58.63,58.91,49.93,
Wed 10/09/2025,42,57.69,57.31,49.93,
Wed 10/09/2025,43,56.17,55.51,49.93,
Wed 10/09/2025,44,53.98,54.18,49.93,
Wed 10/09/2025,45,51.21,51.32,49.93,
Wed 10/09/2025,46,49.24,49.09,49.93,
Wed 10/09/2025,47,47.09,46.66,49.93,
Wed 10/09/2025,48,45.84,45.56,49.93,
Thu 11/09/2025,1,45.75,45.29,49.75,
Thu 11/09/2025,2,45.13,44.7,49.75,
Thu 11/09/2025,3,45.75,45.09,49.75,
Thu 11/09/2025,4,44.81,43.58,49.75,
Thu 11/09/2025,5,45.35,44.44,49.75,
Thu 11/09/2025,6,44.81,43.99,49.75,
Thu 11/09/2025,7,44.5,43.77,49.75,
Thu 11/09/2025,8,44.05,43.73,49.75,
Thu 11/09/2025,9,44.55,43.93,49.75,
Thu 11/09/2025,10,44.86,43.23,49.75,
Thu 11/09/2025,11,46.02,44.35,49.75,
Thu 11/09/2025,12,48.48,46.63,49.75,
Thu 11/09/2025,13,54.78,53.96,49.75,
Thu 11/09/2025,14,58.85,59.32,49.75,
Thu 11/09/2025,15,65.19,67.03,82.58,
Thu 11/09/2025,16,71.53,74.29,82.58,
Thu 11/09/2025,17,78.51,80.57,82.58,
Thu 11/09/2025,18,84.59,85.86,82.58,
Thu 11/09/2025,19,88.61,89.54,82.58,
Thu 11/09/2025,20,90.67,93.07,82.58,
Thu 11/09/2025,21,90.76,94.22,82.58,
Thu 11/09/2025,22,92.68,97.83,82.58,
Thu 11/09/2025,23,93.31,99.81,82.58,
Thu 11/09/2025,24,92.46,99.64,82.58,
Thu 11/09/2025,25,92.5,99.73,82.58,
Thu 11/09/2025,26,91.65,99.05,82.58,
Thu 11/09/2025,27,90.62,97.86,82.58,
Thu 11/09/2025,28,89.51,95.42,82.58,
Thu 11/09/2025,29,88.66,96.12,82.58,
Thu 11/09/2025,30,87.85,94.96,82.58,
Thu 11/09/2025,31,86.73,93.89,82.58,
Thu 11/09/2025,32,84.77,92.04,82.58,
Thu 11/09/2025,33,81.01,88.46,82.58,
Thu 11/09/2025,34,76,83.05,82.58,
Thu 11/09/2025,35,71.18,76.63,82.58,
Thu 11/09/2025,36,67.78,71.25,82.58,
Thu 11/09/2025,37,63.26,66.12,82.58,
Thu 11/09/2025,38,62.06,65.22,82.58,
Thu 11/09/2025,39,60.82,62.79,49.75,
Thu 11/09/2025,40,60.06,61.01,49.75,
Thu 11/09/2025,41,58.63,59.85,49.75,
Thu 11/09/2025,42,57.69,58.21,49.75,
Thu 11/09/2025,43,56.17,56.31,49.75,
Thu 11/09/2025,44,53.98,54.36,49.75,
Thu 11/09/2025,45,51.21,51.86,49.75,
Thu 11/09/2025,46,49.24,49.87,49.75,
Thu 11/09/2025,47,44.19,47.48,49.75,
Thu 11/09/2025,48,44.28,45.9,49.75,
Fri 12/09/2025,1,44.41,45.58,47.36,
Fri 12/09/2025,2,43.7,45.33,47.36,
Fri 12/09/2025,3,44.41,45.89,47.36,
Fri 12/09/2025,4,43.34,44.19,47.36,
Fri 12/09/2025,5,43.38,44.55,47.36,
Fri 12/09/2025,6,42.4,43.95,47.36,
Fri 12/09/2025,7,42.58,44.27,47.36,
Fri 12/09/2025,8,41.91,44.04,47.36,
Fri 12/09/2025,9,42.22,44.11,47.36,
Fri 12/09/2025,10,42.89,44.22,47.36,
Fri 12/09/2025,11,43.74,45.38,47.36,
Fri 12/09/2025,12,45.44,47.24,47.36,
Fri 12/09/2025,13,52.32,54.31,47.36,
Fri 12/09/2025,14,56.44,59.04,47.36,
Fri 12/09/2025,15,61.88,65.5,77.42,
Fri 12/09/2025,16,69.03,72.26,77.42,
Fri 12/09/2025,17,76,79,77.42,
Fri 12/09/2025,18,81.59,85.46,77.42,
Fri 12/09/2025,19,85.48,88.81,77.42,
Fri 12/09/2025,20,85.8,90.77,77.42,
Fri 12/09/2025,21,88.97,92.8,77.42,
Fri 12/09/2025,22,90.45,92.75,77.42,
Fri 12/09/2025,23,88.57,90.15,77.42,
Fri 12/09/2025,24,87.54,90.23,77.42,
Fri 12/09/2025,25,86.51,89.04,77.42,
Fri 12/09/2025,26,86.38,89.31,77.42,
Fri 12/09/2025,27,85.13,87.5,77.42,
Fri 12/09/2025,28,82.76,85.05,77.42,
Fri 12/09/2025,29,81.77,83.87,77.42,
Fri 12/09/2025,30,80.3,82.5,77.42,
Fri 12/09/2025,31,77.93,81.66,77.42,
Fri 12/09/2025,32,74.84,79.35,77.42,
Fri 12/09/2025,33,71.4,77.59,77.42,
Fri 12/09/2025,34,69.3,75.64,77.42,
Fri 12/09/2025,35,65.9,71.24,77.42,
Fri 12/09/2025,36,63.44,67.8,77.42,
Fri 12/09/2025,37,59.33,63.99,77.42,
Fri 12/09/2025,38,57.76,62.68,77.42,
Fri 12/09/2025,39,56.44,60.7,47.36,
Fri 12/09/2025,40,55.86,59.3,47.36,
Fri 12/09/2025,41,54.29,58.02,47.36,
Fri 12/09/2025,42,53.4,56.28,47.36,
Fri 12/09/2025,43,52.01,54.73,47.36,
Fri 12/09/2025,44,51.3,53.46,47.36,
Fri 12/09/2025,45,48.75,50.82,47.36,
Fri 12/09/2025,46,46.83,48.68,47.36,
Fri 12/09/2025,47,44.86,46.27,47.36,
Fri 12/09/2025,48,43.79,45.1,47.36,
Sat 13/09/2025,1,43.52,45.17,50.12,
Sat 13/09/2025,2,43.03,44.18,50.12,
Sat 13/09/2025,3,42.94,44.8,50.12,
Sat 13/09/2025,4,42.04,42.76,50.12,
Sat 13/09/2025,5,42.09,43.2,50.12,
Sat 13/09/2025,6,41.64,42.39,50.12,
Sat 13/09/2025,7,41.64,42.31,50.12,
Sat 13/09/2025,8,41.01,42.25,50.12,
Sat 13/09/2025,9,41.01,41.95,50.12,
Sat 13/09/2025,10,41.28,41.49,50.12,
Sat 13/09/2025,11,41.64,41.14,50.12,
Sat 13/09/2025,12,42.18,42.27,50.12,
Sat 13/09/2025,13,43.65,44.35,50.12,
Sat 13/09/2025,14,44.86,45.77,50.12,
Sat 13/09/2025,15,47.14,48.46,50.12,
Sat 13/09/2025,16,48.26,49.77,50.12,
Sat 13/09/2025,17,51.25,54.32,50.12,
Sat 13/09/2025,18,55.77,58.76,50.12,
Sat 13/09/2025,19,59.08,61.26,50.12,
Sat 13/09/2025,20,59.17,61.63,50.12,
Sat 13/09/2025,21,59.3,61.09,50.12,
Sat 13/09/2025,22,60.15,60.91,50.12,
Sat 13/09/2025,23,60.95,61.82,50.12,
Sat 13/09/2025,24,61.09,60.81,50.12,
Sat 13/09/2025,25,60.24,59.91,50.12,
Sat 13/09/2025,26,59.79,58.89,50.12,
Sat 13/09/2025,27,58.99,57.7,50.12,
Sat 13/09/2025,28,58.09,57,50.12,
Sat 13/09/2025,29,57.06,55.89,50.12,
Sat 13/09/2025,30,56.88,55.12,50.12,
Sat 13/09/2025,31,56.88,55.53,50.12,
Sat 13/09/2025,32,56.8,55.74,50.12,
Sat 13/09/2025,33,56.3,55.99,50.12,
Sat 13/09/2025,34,55.99,55.9,50.12,
Sat 13/09/2025,35,54.43,55.3,50.12,
Sat 13/09/2025,36,53.08,53.56,50.12,
Sat 13/09/2025,37,50.58,51.95,50.12,
Sat 13/09/2025,38,50.18,51.35,50.12,
Sat 13/09/2025,39,49.91,50.65,50.12,
Sat 13/09/2025,40,49.64,50.82,50.12,
Sat 13/09/2025,41,48.7,50.13,50.12,
Sat 13/09/2025,42,48.12,49.71,50.12,
Sat 13/09/2025,43,47.59,47.95,50.12,
Sat 13/09/2025,44,46.74,48.31,50.12,
Sat 13/09/2025,45,45.57,47.54,50.12,
Sat 13/09/2025,46,44.14,45.91,50.12,
Sat 13/09/2025,47,42.67,44.58,50.12,
Sat 13/09/2025,48,42.67,43.6,50.12,
Sun 14/09/2025,1,43.25,42.38,46.11,
Sun 14/09/2025,2,43.25,41.67,46.11,
Sun 14/09/2025,3,42.13,41.55,46.11,
Sun 14/09/2025,4,42.13,39.26,46.11,
Sun 14/09/2025,5,41.1,39.37,46.11,
Sun 14/09/2025,6,41.1,38.92,46.11,
Sun 14/09/2025,7,40.52,38.8,46.11,
Sun 14/09/2025,8,40.52,38.55,46.11,
Sun 14/09/2025,9,40.3,38.42,46.11,
Sun 14/09/2025,10,40.3,37.91,46.11,
Sun 14/09/2025,11,40.12,37.84,46.11,
Sun 14/09/2025,12,40.12,38.55,46.11,
Sun 14/09/2025,13,41.28,39.42,46.11,
Sun 14/09/2025,14,41.28,39.67,46.11,
Sun 14/09/2025,15,42.8,41.43,46.11,
Sun 14/09/2025,16,42.8,42.35,46.11,
Sun 14/09/2025,17,45.26,43.42,46.11,
Sun 14/09/2025,18,45.26,45.41,46.11,
Sun 14/09/2025,19,49.33,48.46,46.11,
Sun 14/09/2025,20,49.33,49.43,46.11,
Sun 14/09/2025,21,50.63,51.52,46.11,
Sun 14/09/2025,22,50.63,51.81,46.11,
Sun 14/09/2025,23,51.97,52.1,46.11,
Sun 14/09/2025,24,51.97,52.88,46.11,
Sun 14/09/2025,25,51.74,52.13,46.11,
Sun 14/09/2025,26,51.74,51.54,46.11,
Sun 14/09/2025,27,50.8,51.24,46.11,
Sun 14/09/2025,28,50.8,50.87,46.11,
Sun 14/09/2025,29,50.18,50.69,46.11,
Sun 14/09/2025,30,50.18,50.14,46.11,
Sun 14/09/2025,31,49.87,50.52,46.11,
Sun 14/09/2025,32,49.87,51.63,46.11,
Sun 14/09/2025,33,48.88,50.52,46.11,
Sun 14/09/2025,34,48.88,50.7,46.11,
Sun 14/09/2025,35,48.52,50.41,46.11,
Sun 14/09/2025,36,48.52,49.82,46.11,
Sun 14/09/2025,37,46.96,49.18,46.11,
Sun 14/09/2025,38,46.96,49.44,46.11,
Sun 14/09/2025,39,48.03,48.27,46.11,
Sun 14/09/2025,40,48.03,48.29,46.11,
Sun 14/09/2025,41,47.14,47.51,46.11,
Sun 14/09/2025,42,47.14,47.78,46.11,
Sun 14/09/2025,43,46.92,47.02,46.11,
Sun 14/09/2025,44,46.92,47.44,46.11,
Sun 14/09/2025,45,45.22,46.97,46.11,
Sun 14/09/2025,46,45.22,45.16,46.11,
Sun 14/09/2025,47,43.79,43.52,46.11,
Sun 14/09/2025,48,43.79,42.81,46.11,
Mon 15/09/2025,1,45.57,44,49.89,
Mon 15/09/2025,2,45.57,43.89,49.89,
Mon 15/09/2025,3,44.99,43.83,49.89,
Mon 15/09/2025,4,44.99,42.73,49.89,
Mon 15/09/2025,5,45.13,43.03,49.89,
Mon 15/09/2025,6,45.13,43.06,49.89,
Mon 15/09/2025,7,44.19,43.1,49.89,
Mon 15/09/2025,8,44.19,43.04,49.89,
Mon 15/09/2025,9,44.41,42.96,49.89,
Mon 15/09/2025,10,44.41,43.26,49.89,
Mon 15/09/2025,11,47.27,44.61,49.89,
Mon 15/09/2025,12,47.27,46.67,49.89,
Mon 15/09/2025,13,57.15,53.14,49.89,
Mon 15/09/2025,14,57.15,58,49.89,
Mon 15/09/2025,15,69.08,65.7,84.51,
Mon 15/09/2025,16,69.08,72.16,84.51,
Mon 15/09/2025,17,82.93,79.69,84.51,
Mon 15/09/2025,18,82.93,86.01,84.51,
Mon 15/09/2025,19,91.52,90.55,84.51,
Mon 15/09/2025,20,91.52,92.61,84.51,
Mon 15/09/2025,21,94.11,93.38,84.51,
Mon 15/09/2025,22,94.11,94.43,84.51,
Mon 15/09/2025,23,95.45,92.28,84.51,
Mon 15/09/2025,24,95.45,90.95,84.51,
Mon 15/09/2025,25,94.47,89.73,84.51,
Mon 15/09/2025,26,94.47,89.65,84.51,
Mon 15/09/2025,27,92.9,89.05,84.51,
Mon 15/09/2025,28,92.9,87.42,84.51,
Mon 15/09/2025,29,90.98,86.38,84.51,
Mon 15/09/2025,30,90.98,85.83,84.51,
Mon 15/09/2025,31,87.9,85.48,84.51,
Mon 15/09/2025,32,87.9,84.19,84.51,
Mon 15/09/2025,33,80.16,80.65,84.51,
Mon 15/09/2025,34,80.16,77.06,84.51,
Mon 15/09/2025,35,71.09,73.47,84.51,
Mon 15/09/2025,36,71.09,69.57,84.51,
Mon 15/09/2025,37,63.53,65.17,84.51,
Mon 15/09/2025,38,63.53,63.63,84.51,
Mon 15/09/2025,39,60.6,62.16,49.89,
Mon 15/09/2025,40,60.6,60.16,49.89,
Mon 15/09/2025,41,58.23,59.81,49.89,
Mon 15/09/2025,42,58.23,58.59,49.89,
Mon 15/09/2025,43,54.96,56.94,49.89,
Mon 15/09/2025,44,54.96,55.22,49.89,
Mon 15/09/2025,45,50.09,52.68,49.89,
Mon 15/09/2025,46,50.09,50.67,49.89,
Mon 15/09/2025,47,46.83,49.4,49.89,
Mon 15/09/2025,48,45.31,47.82,49.89,
Tue 16/09/2025,1,45.89,46.31,49.94,
Tue 16/09/2025,2,45.31,45.83,49.94,
Tue 16/09/2025,3,45.57,45.79,49.94,
Tue 16/09/2025,4,44.46,44.07,49.94,
Tue 16/09/2025,5,45.35,44.78,49.94,
Tue 16/09/2025,6,44.9,44.25,49.94,
Tue 16/09/2025,7,44.5,44.23,49.94,
Tue 16/09/2025,8,43.92,43.54,49.94,
Tue 16/09/2025,9,44.23,44.03,49.94,
Tue 16/09/2025,10,44.59,44.09,49.94,
Tue 16/09/2025,11,46.11,45.7,49.94,
Tue 16/09/2025,12,48.48,47.9,49.94,
Tue 16/09/2025,13,55.01,54.83,49.94,
Tue 16/09/2025,14,59.3,60.38,49.94,
Tue 16/09/2025,15,66.17,67.76,84.51,
Tue 16/09/2025,16,71.98,73.98,84.51,
Tue 16/09/2025,17,79.54,80.9,84.51,
Tue 16/09/2025,18,86.33,86.9,84.51,
Tue 16/09/2025,19,89.86,89.02,84.51,
Tue 16/09/2025,20,93.13,89.75,84.51,
Tue 16/09/2025,21,93.08,91.73,84.51,
Tue 16/09/2025,22,95.14,92.62,84.51,
Tue 16/09/2025,23,95.99,93.12,84.51,
Tue 16/09/2025,24,94.92,92.83,84.51,
Tue 16/09/2025,25,94.6,91.06,84.51,
Tue 16/09/2025,26,94.34,91.1,84.51,
Tue 16/09/2025,27,93.84,89.91,84.51,
Tue 16/09/2025,28,91.97,89.37,84.51,
Tue 16/09/2025,29,91.61,88.27,84.51,
Tue 16/09/2025,30,90.36,87.22,84.51,
Tue 16/09/2025,31,88.7,86.47,84.51,
Tue 16/09/2025,32,87.14,85.82,84.51,
Tue 16/09/2025,33,82.85,84.93,84.51,
Tue 16/09/2025,34,77.48,82.18,84.51,
Tue 16/09/2025,35,73.55,75.53,84.51,
Tue 16/09/2025,36,68.63,70.9,84.51,
Tue 16/09/2025,37,64.16,66.14,84.51,
Tue 16/09/2025,38,62.95,64.8,84.51,
Tue 16/09/2025,39,61.36,62.85,49.94,
Tue 16/09/2025,40,59.84,61.39,49.94,
Tue 16/09/2025,41,58.72,59.55,49.94,
Tue 16/09/2025,42,57.73,58.13,49.94,
Tue 16/09/2025,43,56.12,56.45,49.94,
Tue 16/09/2025,44,53.8,54.92,49.94,
Tue 16/09/2025,45,50.98,52.77,49.94,
Tue 16/09/2025,46,49.2,50.31,49.94,
Tue 16/09/2025,47,46.56,48,49.94,
Tue 16/09/2025,48,46.69,46.9,49.94,
Wed 17/09/2025,1,46.78,47.71,50.88,
Wed 17/09/2025,2,46.2,47.27,50.88,
Wed 17/09/2025,3,46.47,47.7,50.88,
Wed 17/09/2025,4,45.31,46.03,50.88,
Wed 17/09/2025,5,46.24,46.4,50.88,
Wed 17/09/2025,6,45.8,45.94,50.88,
Wed 17/09/2025,7,45.35,46.25,50.88,
Wed 17/09/2025,8,44.81,45.9,50.88,
Wed 17/09/2025,9,45.08,46.57,50.88,
Wed 17/09/2025,10,45.48,46.53,50.88,
Wed 17/09/2025,11,47,47.66,50.88,
Wed 17/09/2025,12,49.42,50.2,50.88,
Wed 17/09/2025,13,56.08,56.69,50.88,
Wed 17/09/2025,14,60.46,61.69,50.88,
Wed 17/09/2025,15,67.47,69.16,86.17,
Wed 17/09/2025,16,73.37,75.99,86.17,
Wed 17/09/2025,17,81.1,81.42,86.17,
Wed 17/09/2025,18,88.03,87.52,86.17,
Wed 17/09/2025,19,91.65,91.76,86.17,
Wed 17/09/2025,20,94.96,92.16,86.17,
Wed 17/09/2025,21,94.92,92.63,86.17,
Wed 17/09/2025,22,97.02,94.23,86.17,
Wed 17/09/2025,23,97.87,92.98,86.17,
Wed 17/09/2025,24,96.79,92.69,86.17,
Wed 17/09/2025,25,96.44,91.16,86.17,
Wed 17/09/2025,26,96.17,89.75,86.17,
Wed 17/09/2025,27,95.68,88.7,86.17,
Wed 17/09/2025,28,93.75,88.39,86.17,
Wed 17/09/2025,29,93.4,88.35,86.17,
Wed 17/09/2025,30,92.1,87.91,86.17,
Wed 17/09/2025,31,90.45,88.84,86.17,
Wed 17/09/2025,32,88.84,88.86,86.17,
Wed 17/09/2025,33,84.5,86.86,86.17,
Wed 17/09/2025,34,79,83.33,86.17,
Wed 17/09/2025,35,74.98,76.32,86.17,
Wed 17/09/2025,36,69.97,73.19,86.17,
Wed 17/09/2025,37,65.41,68.66,86.17,
Wed 17/09/2025,38,64.2,67.35,86.17,
Wed 17/09/2025,39,62.56,65.98,50.88,
Wed 17/09/2025,40,61.04,64.86,50.88,
Wed 17/09/2025,41,59.88,63,50.88,
Wed 17/09/2025,42,58.85,61.19,50.88,
Wed 17/09/2025,43,57.24,59.66,50.88,
Wed 17/09/2025,44,54.83,58.26,50.88,
Wed 17/09/2025,45,52.01,55.48,50.88,
Wed 17/09/2025,46,50.18,52.95,50.88,
Wed 17/09/2025,47,47.72,50.51,50.88,
Wed 17/09/2025,48,46.2,49.49,50.88,
Thu 18/09/2025,1,46.78,47.93,50.9,
Thu 18/09/2025,2,46.2,47.1,50.9,
Thu 18/09/2025,3,46.47,47.4,50.9,
Thu 18/09/2025,4,45.31,45.55,50.9,
Thu 18/09/2025,5,46.24,46.61,50.9,
Thu 18/09/2025,6,45.8,46.4,50.9,
Thu 18/09/2025,7,45.35,46.6,50.9,
Thu 18/09/2025,8,44.81,46.26,50.9,
Thu 18/09/2025,9,45.08,46.13,50.9,
Thu 18/09/2025,10,45.48,45.98,50.9,
Thu 18/09/2025,11,47,47.22,50.9,
Thu 18/09/2025,12,49.42,49.75,50.9,
Thu 18/09/2025,13,56.08,56.82,50.9,
Thu 18/09/2025,14,60.46,61.92,50.9,
Thu 18/09/2025,15,67.47,69.53,86.17,
Thu 18/09/2025,16,73.37,76.13,86.17,
Thu 18/09/2025,17,81.1,83.1,86.17,
Thu 18/09/2025,18,88.03,89.24,86.17,
Thu 18/09/2025,19,91.65,93.5,86.17,
Thu 18/09/2025,20,94.96,96.68,86.17,
Thu 18/09/2025,21,94.92,96.71,86.17,
Thu 18/09/2025,22,97.02,97.82,86.17,
Thu 18/09/2025,23,97.87,98.26,86.17,
Thu 18/09/2025,24,96.79,97.43,86.17,
Thu 18/09/2025,25,96.44,97.15,86.17,
Thu 18/09/2025,26,96.17,95.99,86.17,
Thu 18/09/2025,27,95.68,94.89,86.17,
Thu 18/09/2025,28,93.75,93.49,86.17,
Thu 18/09/2025,29,93.4,93.79,86.17,
Thu 18/09/2025,30,92.1,92.8,86.17,
Thu 18/09/2025,31,90.45,91.28,86.17,
Thu 18/09/2025,32,88.84,90.65,86.17,
Thu 18/09/2025,33,84.5,87.25,86.17,
Thu 18/09/2025,34,79,82.88,86.17,
Thu 18/09/2025,35,74.98,76.98,86.17,
Thu 18/09/2025,36,69.97,72.84,86.17,
Thu 18/09/2025,37,65.41,68.33,86.17,
Thu 18/09/2025,38,64.2,67.48,86.17,
Thu 18/09/2025,39,62.56,65.94,50.9,
Thu 18/09/2025,40,61.04,63.96,50.9,
Thu 18/09/2025,41,59.88,63.07,50.9,
Thu 18/09/2025,42,58.85,61.16,50.9,
Thu 18/09/2025,43,57.24,59.06,50.9,
Thu 18/09/2025,44,54.83,57.3,50.9,
Thu 18/09/2025,45,52.01,54.63,50.9,
Thu 18/09/2025,46,50.18,52.62,50.9,
Thu 18/09/2025,47,47.14,50.07,50.9,
Thu 18/09/2025,48,47.27,48.92,50.9,
